classId,className,firstEvent,lastEvent,numStudents,numEvents
826,MTHEL 99 - Fall 2021,2021-07-29 19:21:26.394000 UTC,2022-04-08 10:45:19.753000 UTC,4151,4086437
1075,MTHEL 99 - Fall 2022,2022-07-14 14:59:35.360000 UTC,2022-08-31 23:59:57.274000 UTC,3866,2307634
517,MATH 135 Online - Fall 2020,2020-08-31 16:17:08.506000 UTC,2021-05-19 06:35:03.083000 UTC,2752,5765272
552,MTHEL 199 - Fall 2020 - August (41),2020-07-24 12:57:44.401000 UTC,2020-11-20 13:02:18.701000 UTC,2561,2277054
493,MATH 137 Fall 2020,2020-08-27 02:09:12.869000 UTC,2021-05-23 01:41:20.929000 UTC,2458,1451770
630,MATH 136 Winter 2021,2021-01-09 05:02:53.447000 UTC,2021-09-17 17:50:59.349000 UTC,2231,3296350
124,CHEM 120 - Fall 2018,2018-09-11 20:59:11.118000 UTC,2018-12-21 21:32:41.818000 UTC,1870,1471257
301,Introduction to R and R Studio,2019-09-07 07:31:33.143000 UTC,2022-08-02 12:36:25.636000 UTC,1853,51145
142,CHEM 120L Master,2018-09-13 21:24:30.784000 UTC,2022-07-27 08:01:35.243000 UTC,1709,129332
725,CHEM 123L/125L - Winter 2021,2021-01-11 05:22:56.605000 UTC,2022-05-01 22:05:07.170000 UTC,1708,1797241
284,CHEM 120 - Fall 2019,2019-09-09 13:10:40.469000 UTC,2020-03-24 16:46:23.307000 UTC,1665,1360740
876,CHEM 120 - Fall 2021,2021-09-08 13:14:39.323000 UTC,2022-01-05 02:34:39.902000 UTC,1590,2490166
29,MATH 127 Past Assignment Practice,2018-09-25 21:33:19.202000 UTC,2022-08-27 17:40:15.724000 UTC,1526,290607
143,CHEM 120L - Fall 2018,2018-09-14 19:09:14.909000 UTC,2018-12-07 18:12:24.824000 UTC,1522,226920
302,CHEM 120L - Fall 2019,2019-09-11 20:54:14.543000 UTC,2020-01-09 04:05:42.301000 UTC,1417,1006157
177,CHEM 123 - Winter 2019,2019-01-07 13:42:06.819000 UTC,2019-04-28 03:11:43.088000 UTC,1396,1379659
330,CHEM 123 - Winter 2020,2020-01-06 15:31:49.326000 UTC,2020-05-04 03:40:46.926000 UTC,1367,1110461
480,CHEM 120 - Fall 2020,2020-09-08 04:44:52.518000 UTC,2021-01-18 21:18:45.946000 UTC,1360,1782542
892,CHEM 120L - Fall 2021,2021-09-08 04:12:53.233000 UTC,2022-01-05 04:32:55.285000 UTC,1358,1727628
593,CHEM 120L-121L - Fall 2020,2020-09-01 18:39:37.847000 UTC,2021-01-09 18:52:03.311000 UTC,1343,1683430
422,MATH 117 Fall 2020,2020-09-08 04:06:31.815000 UTC,2022-03-30 18:44:56.429000 UTC,1341,411483
883,MATH 135 - Fall 2021,2021-08-30 22:11:48.670000 UTC,2022-01-05 02:04:31.653000 UTC,1292,1379267
605,MATH 115 Fall 2020,2020-09-08 22:15:05.930000 UTC,2021-01-04 20:31:43.975000 UTC,1245,935272
252,Math Readiness Assessment 2019 [MATH],2019-06-12 14:50:52.782000 UTC,2022-08-02 18:52:26.955000 UTC,1237,191846
896,MATH 115 Fall 2021,2021-09-13 11:58:12.709000 UTC,2022-01-05 03:13:45.966000 UTC,1230,1094419
259,Math Readiness Assessment 2019 [Engineering],2019-07-08 19:56:29.408000 UTC,2021-09-08 18:39:09.790000 UTC,1213,258344
195,CHEM 123L Master,2022-01-03 14:33:58.013000 UTC,2022-07-20 04:14:13.703000 UTC,1201,68831
856,STAT 230 Online - Fall 2021,2021-09-07 19:47:14.321000 UTC,2022-01-05 04:23:15.884000 UTC,1189,2740301
548,CHE 102 - Fall 2020,2020-08-17 19:01:17.076000 UTC,2021-01-05 04:59:06.358000 UTC,1183,2224424
991,CHEM 123 - Winter 2022,2022-01-05 05:22:35.379000 UTC,2022-05-10 13:47:17.365000 UTC,1153,1549448
138,CHE 102 - Fall 2018 - Assignments only,2018-09-06 04:41:07.804000 UTC,2019-04-02 03:53:29.999000 UTC,1136,614777
907,MATH 137 Fall 2021 On campus,2021-09-08 04:34:43.715000 UTC,2022-02-10 01:47:33.641000 UTC,1123,428005
196,CHEM 123L - Winter 2019,2019-01-15 14:57:33.321000 UTC,2019-04-13 20:54:36.228000 UTC,1106,138088
276,CHE 102 - Fall 2019,2019-08-07 19:54:13.794000 UTC,2020-04-26 00:12:14.993000 UTC,1103,563906
698,CHEM 123 - Winter 2021,2021-01-11 05:23:32.934000 UTC,2021-08-16 21:12:38.870000 UTC,1075,1527057
342,CHEM 123L - Winter 2020,2020-01-14 18:51:03.736000 UTC,2021-05-01 05:10:29.506000 UTC,1059,925092
891,CHE 102 - Fall 2021,2021-08-11 18:19:21.483000 UTC,2022-08-05 05:24:39.165000 UTC,1058,2290112
587,MASTER MATH 116,2020-09-04 12:47:51.858000 UTC,2021-01-05 04:28:15.044000 UTC,1041,590726
87,Math Readiness Assessment 2018 [Engineering],2018-08-15 01:33:40.932000 UTC,2022-04-20 20:43:37.794000 UTC,1031,190358
1000,CHEM 123L Winter 2022,2022-01-01 05:03:12.374000 UTC,2022-07-30 17:38:26.925000 UTC,1003,830719
121,MATH 127 - Fall 2018,2018-09-06 04:06:21.389000 UTC,2020-08-03 12:41:47.001000 UTC,995,1796642
773,STAT 230 Online - Spring 2021,2021-05-10 04:11:41.707000 UTC,2021-09-08 02:39:00.742000 UTC,970,1123969
870,ECON 102 Online - Fall 2021,2021-07-30 14:51:39.045000 UTC,2022-03-16 23:00:15.703000 UTC,966,1389767
289,MATH 127 - Fall 2019,2019-09-04 04:08:08.112000 UTC,2020-04-19 03:52:57.242000 UTC,955,2068025
916,MATH 116 - Fall 2021,2021-09-08 04:23:33.956000 UTC,2021-12-17 00:16:58.560000 UTC,909,546431
515,MATH 127 Online - Fall 2020,2020-09-01 14:04:43.150000 UTC,2021-01-05 05:01:50.751000 UTC,880,1675313
296,PHYS 111 - Fall 2019,2019-09-04 04:01:15.562000 UTC,2020-01-06 04:47:09.066000 UTC,821,961630
506,AFM 131 Online - Fall 2020,2020-09-08 04:20:35.531000 UTC,2020-10-05 20:52:56.241000 UTC,821,72040
506,AFM 131/ARBUS 101 Online - Fall 2020,2020-10-05 18:31:35.289000 UTC,2020-12-31 16:38:01.313000 UTC,790,348930
835,AFM 131 Online - Fall 2021,2021-09-08 04:15:02.720000 UTC,2021-09-20 16:09:51.125000 UTC,790,67031
402,STAT 231 Online - Spring 2020,2020-05-11 04:01:26.406000 UTC,2020-09-08 05:45:44.513000 UTC,787,1099035
835,AFM 131/ARBUS 101 Online - Fall 2021,2021-09-20 14:50:49.278000 UTC,2022-01-04 22:55:26.405000 UTC,783,387471
996,STAT 231 - Winter 2022,2022-01-05 05:18:06.726000 UTC,2022-05-05 21:37:12.687000 UTC,777,1033010
494,STAT 220/STAT 230 Online - Fall 2020,2020-09-08 04:12:21.821000 UTC,2021-01-05 04:06:01.707000 UTC,770,989513
525,PHYS 111 - Fall 2020,2020-09-08 04:10:24.838000 UTC,2022-04-06 21:30:19.384000 UTC,766,394735
237,MASTER PHYS 111 - Sanderson,2019-05-14 15:30:26.849000 UTC,2020-01-04 14:34:35.401000 UTC,765,588907
827,PHYS 111 - Fall 2021,2021-09-08 08:28:53.374000 UTC,2022-01-05 04:41:19.888000 UTC,761,490572
401,STAT 230 Online - Spring 2020,2020-05-08 20:24:39.750000 UTC,2020-09-08 02:30:33.008000 UTC,733,1328441
652,MATH 128 Online - Winter 2021,2020-12-14 15:42:44.861000 UTC,2021-05-09 16:42:47.387000 UTC,730,1568084
303,ME 269 - Fall 2019,2019-09-18 17:38:29.684000 UTC,2022-04-10 15:31:40.203000 UTC,729,142491
528,STAT 221/STAT 231 Online - Fall 2020,2020-09-08 04:11:23.680000 UTC,2021-01-04 02:59:45.236000 UTC,715,849349
884,MATH 127 - Fall 2021,2021-09-08 04:26:15.543000 UTC,2022-04-13 00:52:39.951000 UTC,710,1060446
642,AFM 102 Online - Winter 2021,2020-12-31 01:34:32.739000 UTC,2021-05-10 16:29:10.520000 UTC,705,1352649
764,MATH 237 Online - Spring 2021,2021-04-24 17:50:08.268000 UTC,2021-10-17 14:26:13.508000 UTC,682,1128319
756,ECON 102 Online - Spring 2021 - 081/082/083,2021-04-28 16:37:38.920000 UTC,2022-07-01 02:53:11.154000 UTC,674,941439
1054,STAT 231 - Spring 2022,2022-05-02 04:19:53.723000 UTC,2022-08-24 14:40:21.089000 UTC,668,34190
681,ECON 102 Online - Winter 2021 - 082/083/084/085,2021-01-11 05:13:06.043000 UTC,2021-05-25 22:08:56.648000 UTC,659,924286
459,CHEM 266L - Fall 2020,2020-07-29 20:31:33.199000 UTC,2021-01-05 04:36:17.694000 UTC,649,558464
849,MATH 237 Online - Fall 2021,2021-09-08 04:30:35.368000 UTC,2022-01-18 04:23:44.723000 UTC,648,953094
136,CHEM 266L - Fall 2018,2018-09-05 02:01:06.368000 UTC,2020-03-30 17:57:03.417000 UTC,639,183750
419,MATH 237 Online - Spring 2020,2020-05-07 18:28:15.551000 UTC,2020-08-23 09:36:42.021000 UTC,620,573218
799,MATH 235 Spring 2021,2021-04-28 18:12:56.114000 UTC,2021-09-08 02:30:57.910000 UTC,617,910016
285,CHEM 266L - Fall 2019,2019-09-04 04:41:53.194000 UTC,2019-12-31 18:11:29.590000 UTC,617,174944
774,STAT 231 Online - Spring 2021,2021-05-10 04:36:29.502000 UTC,2021-09-08 02:48:48.190000 UTC,611,982793
608,STAT 202 - Fall 2020,2020-09-09 22:16:30.703000 UTC,2021-01-03 19:27:16.400000 UTC,608,556131
520,MATH 237 Online - Fall 2020,2020-09-01 16:10:57.655000 UTC,2022-04-21 14:57:08.756000 UTC,605,550719
845,MATH 135 Online - Fall 2021,2021-08-30 16:00:09.475000 UTC,2022-01-05 01:03:52.041000 UTC,604,721566
595,MATH 235 Fall 2020,2020-09-05 23:58:23.519000 UTC,2021-06-17 23:54:16.779000 UTC,601,179597
389,MATH 235 Summer 2020,2020-05-03 19:04:13.770000 UTC,2020-10-14 05:02:22.779000 UTC,599,597078
906,AFM 132 Fall 2021,2021-09-08 04:21:18.554000 UTC,2022-01-04 21:49:02.182000 UTC,584,434183
227,MATH 127 Online - Past Assignment Practice,2019-05-21 15:15:19.525000 UTC,2022-08-06 13:23:03.342000 UTC,581,71718
86,STAT 202 - Fall 2018 Intro Stats for Scientists,2018-09-06 14:05:19.797000 UTC,2018-11-28 03:49:10.314000 UTC,571,389426
671,STAT 231 Online - Winter 2021,2021-01-11 05:07:37.522000 UTC,2021-05-10 00:17:24.396000 UTC,570,924017
326,MATH 128 - Winter 2020,2019-12-17 18:27:15.185000 UTC,2020-12-26 19:41:21.004000 UTC,568,140244
727,MATH 118 - Winter 2021 Calculus for Engineers II,2021-01-14 13:30:17.564000 UTC,2021-05-06 16:47:38.234000 UTC,566,260642
149,MATH 137 Fall 2018,2018-09-20 05:17:39.216000 UTC,2020-08-03 12:40:30.967000 UTC,557,31151
297,STAT 202 Fall 2019 Inroductory Statistics for Scientists,2019-09-04 11:20:29.000000 UTC,2019-09-25 19:26:20.163000 UTC,544,84762
297,STAT 202 - Fall 2019 Inroductory Statistics for Scientists,2019-09-25 19:07:26.282000 UTC,2020-02-27 04:14:58.045000 UTC,540,330651
617,ECE 105 - Fall 2020 Mechanics,2020-09-08 15:19:07.214000 UTC,2021-09-20 22:32:47.518000 UTC,535,383876
821,CHEM 266L - Fall 2021,2021-09-08 04:33:03.229000 UTC,2022-01-05 01:08:23.235000 UTC,525,759987
563,PHYS 112 Master - Idziak,2021-01-13 17:28:06.180000 UTC,2021-04-28 02:04:18.603000 UTC,524,116668
700,PHYS 112 - Winter 2021,2021-01-18 02:42:23.826000 UTC,2021-05-09 20:54:59.956000 UTC,521,1303465
1010,PHYS 112 - Winter 2022,2022-01-06 20:37:12.277000 UTC,2022-05-04 04:22:42.494000 UTC,515,515428
496,AFM 132 - Fall 2020,2020-09-08 04:18:29.409000 UTC,2021-01-05 02:26:00.534000 UTC,511,383443
670,STAT 230 Online - Winter 2021,2021-01-11 05:16:09.705000 UTC,2021-05-10 03:51:23.841000 UTC,506,637567
857,STAT 231 Online - Fall 2021,2021-09-08 04:34:59.177000 UTC,2022-01-05 03:22:40.067000 UTC,504,604056
566,STAT 371-373 Master,2020-08-21 18:54:25.919000 UTC,2022-08-26 23:34:26.777000 UTC,496,233526
664,PHYS 111 Online - Winter 2021,2021-01-10 23:09:29.984000 UTC,2022-02-11 08:19:01.517000 UTC,495,1077665
940,ECON 102 Online - Winter 2022 - 081/082,2021-12-02 13:14:25.017000 UTC,2022-05-03 06:40:35.132000 UTC,495,693255
286,AFM 132 - Fall 2019,2019-09-04 04:26:07.269000 UTC,2020-01-06 04:56:16.076000 UTC,475,744312
356,CO 250 Online - Spring 2020,2020-04-16 21:11:34.772000 UTC,2020-09-24 19:16:13.835000 UTC,473,274458
941,ECON 102 Online - Winter 2022 - 083/084,2021-12-02 13:19:15.467000 UTC,2022-05-02 04:02:50.948000 UTC,469,642519
966,MATH 128 - Winter 2022,2022-01-03 02:26:38.212000 UTC,2022-04-26 11:32:41.895000 UTC,468,207943
1040,ECON 102 Online - Spring 2022 - 081/082,2022-04-07 13:02:36.552000 UTC,2022-08-30 14:53:21.903000 UTC,464,649613
341,PHYS 111 - Winter 2020,2020-01-06 05:03:49.912000 UTC,2020-05-27 21:07:00.959000 UTC,463,773899
406,MATH 118 Spring 2020 Calculus for Engineers II,2020-04-22 18:13:03.384000 UTC,2020-09-01 16:27:13.059000 UTC,456,542168
675,ECON 101 Online - Winter 2021 - 083/086/781,2021-01-11 05:08:07.384000 UTC,2021-05-10 03:55:38.344000 UTC,448,724346
895,MATH 137 (section 021) - Fall 2021,2021-09-08 04:36:59.949000 UTC,2021-12-19 22:14:21.711000 UTC,445,264640
420,MATH 237 Online - Past Assignment Practice,2020-05-13 21:13:19.215000 UTC,2022-08-05 14:44:20.947000 UTC,440,37167
820,STAT 202 Fall 2021,2021-09-08 05:00:37.420000 UTC,2022-01-05 03:57:35.449000 UTC,433,1001172
181,MATH 128 - Winter 2019,2019-01-09 17:25:32.884000 UTC,2019-05-06 04:02:15.346000 UTC,424,145075
731,CHEM 237 - Winter 2021,2021-01-18 22:06:49.823000 UTC,2022-07-29 01:49:52.677000 UTC,403,21232
863,ECON 101 Online - Fall 2021 - 086/087/088,2021-08-04 20:49:27.802000 UTC,2022-01-05 03:42:40.344000 UTC,399,516596
355,AMATH 250 Online - Spring 2020,2020-04-14 18:59:50.150000 UTC,2020-09-08 03:19:12.803000 UTC,398,1216693
135,PHYS 121 - Fall 2018,2018-09-06 12:42:21.426000 UTC,2018-10-26 18:12:25.063000 UTC,397,2453
717,CS 341 - Winter 2021,2021-01-11 17:03:59.185000 UTC,2021-05-10 01:18:11.362000 UTC,393,62423
229,MATH 128 Online - MATH 127 Review Materials,2019-05-06 12:24:32.103000 UTC,2022-07-29 17:29:48.777000 UTC,387,41240
1007,PHYS 111 - Winter 2022,2022-01-06 12:13:41.245000 UTC,2022-04-26 18:38:08.031000 UTC,384,488558
435,AFM 231 Online - Spring 2020,2020-04-30 17:48:55.685000 UTC,2020-09-08 03:23:23.317000 UTC,383,120535
647,CO 250 Online - Winter 2021,2021-01-07 05:34:52.328000 UTC,2021-05-01 20:28:27.832000 UTC,375,146182
534,ECON 101 Online - Fall 2020 - 086,2020-08-05 20:41:18.242000 UTC,2021-01-05 04:56:02.266000 UTC,372,421762
619,CHEM 237L - Winter 2021,2020-12-01 19:40:48.990000 UTC,2021-05-08 01:50:55.491000 UTC,370,410125
409,ECON 101 Online - Spring 2020 - 082/083/084,2020-04-15 16:11:38.729000 UTC,2020-09-06 19:17:34.698000 UTC,369,278072
398,CHEM 123 - Spring 2020,2020-05-11 04:33:41.150000 UTC,2020-08-31 00:53:43.844000 UTC,351,385223
620,CS 341 - Fall 2020,2020-09-09 17:58:25.288000 UTC,2020-12-17 02:21:27.806000 UTC,350,48538
159,BIOL 308 - Fall 2018,2018-11-13 16:12:47.317000 UTC,2019-01-07 03:46:00.206000 UTC,344,55177
624,CHEM 267L - Winter 2021,2020-10-21 13:55:07.266000 UTC,2021-05-10 04:52:10.070000 UTC,342,405591
394,ACTSC 231 Online - Spring 2020,2020-04-13 15:25:10.155000 UTC,2020-09-08 02:52:29.541000 UTC,340,719807
609,PHYS 115 - Fall 2020 Mechanics,2020-09-08 04:23:09.742000 UTC,2021-03-10 04:38:47.535000 UTC,334,157784
157,CHEM 267L - Winter 2019,2019-01-07 15:36:12.581000 UTC,2019-04-08 03:49:34.663000 UTC,332,62661
816,MATH 118 - Spring 2021,2021-05-10 19:35:08.335000 UTC,2021-09-08 02:43:15.040000 UTC,325,42013
510,CO 250 Online - Fall 2020,2020-08-04 19:51:57.735000 UTC,2021-01-04 00:05:11.587000 UTC,322,135263
336,CHEM 267L - Winter 2020,2019-12-31 20:49:02.724000 UTC,2020-04-26 02:36:41.385000 UTC,322,120984
807,MATH 136 - Spring 2021,2021-05-10 04:16:03.990000 UTC,2021-08-23 21:38:25.407000 UTC,318,415242
299,CHEM 220 - Fall 2019,2019-09-12 20:13:46.288000 UTC,2019-12-15 20:33:35.370000 UTC,317,60858
750,CO 250 Online - Spring 2021,2021-04-22 19:37:23.668000 UTC,2021-09-08 03:10:39.435000 UTC,316,166361
1011,MATH 118 - Winter 2022 Calculus for Engineers II,2022-01-07 13:32:03.296000 UTC,2022-05-02 03:40:24.431000 UTC,316,31337
697,CHEM 120 - Winter 2021,2021-01-11 05:23:39.958000 UTC,2021-08-09 15:51:59.184000 UTC,313,321110
999,STAT 230 - Winter 2022,2022-01-04 15:28:27.265000 UTC,2022-05-01 17:52:56.371000 UTC,313,269882
716,STAT 341 - Winter 2021,2021-01-18 05:05:03.207000 UTC,2021-04-15 04:17:53.953000 UTC,313,133567
439,ACTSC 371 - Spring 2020,2020-05-05 20:08:35.184000 UTC,2020-08-30 07:16:10.722000 UTC,312,170694
508,AMATH 250 Online - Fall 2020,2020-09-08 04:12:55.359000 UTC,2020-12-31 02:43:19.946000 UTC,310,842119
179,MATH 127 - Winter 2019,2019-01-07 05:06:05.144000 UTC,2019-04-16 12:53:38.995000 UTC,308,631286
843,MATH 127 Online - Fall 2021,2021-08-18 16:54:58.271000 UTC,2022-01-05 01:58:46.684000 UTC,308,483329
501,ACTSC 231 Online - Fall 2020,2020-09-05 16:44:00.949000 UTC,2021-03-20 21:38:49.333000 UTC,307,506644
723,STAT 202 - Winter 2021,2021-01-11 14:58:49.847000 UTC,2021-05-04 04:09:41.887000 UTC,302,327144
823,PHYS 121L - Fall 2021,2021-05-27 16:03:06.002000 UTC,2022-01-03 03:38:46.626000 UTC,301,98548
653,MATH 135 Online - Winter 2021,2021-01-06 17:21:08.715000 UTC,2021-05-09 16:41:12.199000 UTC,300,555904
747,AFM 102 Online - Spring 2021,2021-05-10 04:11:46.623000 UTC,2021-09-08 03:25:07.358000 UTC,300,435677
1012,ECE 140 - Winter 2022,2022-01-12 20:58:36.490000 UTC,2022-05-02 02:49:54.237000 UTC,299,177786
583,PHYS 121L/131L - Fall 2020,2020-09-23 09:22:12.905000 UTC,2021-01-04 21:54:31.498000 UTC,299,104554
418,ECE 140 - Spring 2020,2020-05-15 12:30:08.877000 UTC,2020-09-08 03:53:12.611000 UTC,296,151671
562,STAT 332 - Fall 2020,2020-09-08 04:17:27.776000 UTC,2021-01-05 01:37:21.726000 UTC,295,225748
511,COMM 101 Online - Fall 2020,2020-09-08 04:25:30.023000 UTC,2021-01-05 04:35:25.011000 UTC,294,494110
993,MATH 136 Online Winter 2022,2022-01-05 05:05:12.375000 UTC,2022-08-04 15:40:49.133000 UTC,290,297273
1043,MATH 235 Spring 2022,2022-05-02 04:31:33.306000 UTC,2022-08-05 00:45:45.280000 UTC,289,257680
724,ECE 140 - Winter 2021 CDTs,2021-01-18 17:47:24.090000 UTC,2021-05-09 23:10:07.489000 UTC,288,182385
456,ECE 108 Spring 2020,2020-05-28 13:12:39.984000 UTC,2020-08-25 06:22:25.394000 UTC,286,85814
865,ECON 101 Online - Fall 2021 - 382/383,2021-08-13 14:51:33.122000 UTC,2022-01-05 04:49:59.333000 UTC,283,491886
344,ECE 140 - Winter 2020,2020-01-17 16:01:03.923000 UTC,2020-05-01 01:14:17.702000 UTC,283,170796
228,MATH 128 Online - Past Assignment Practice,2019-05-19 06:47:34.104000 UTC,2022-08-23 23:28:22.148000 UTC,283,53511
832,ACTSC 231 Online - Fall 2021,2021-09-08 04:42:02.605000 UTC,2022-05-06 18:37:39.441000 UTC,280,449953
1066,ECE 140 - Spring 2022,2022-05-10 12:58:44.427000 UTC,2022-08-27 09:15:32.204000 UTC,279,107686
627,ME 269 - Fall 2020,2020-10-01 14:23:38.503000 UTC,2021-12-12 19:06:20.759000 UTC,279,31327
839,COMM 101 - Online - Fall 2021,2021-09-08 04:18:12.293000 UTC,2022-01-04 03:34:27.620000 UTC,277,547079
471,KIN 121 - Fall 2020 Biomechanics of Human Activity,2020-06-15 19:35:22.704000 UTC,2020-12-19 15:29:41.200000 UTC,276,217620
629,CHEM 125 - Winter 2021,2021-01-11 06:16:02.794000 UTC,2022-05-09 17:31:54.736000 UTC,276,211370
444,STAT 430/830 - Spring 2020,2020-05-19 04:05:06.195000 UTC,2020-08-06 03:59:02.354000 UTC,273,109345
253,BIOL 273 - Spring 2019,2019-06-07 20:59:22.910000 UTC,2019-10-10 01:20:44.060000 UTC,273,20082
811,ACTSC 363 - Spring 2021,2021-05-10 13:47:31.389000 UTC,2021-09-13 23:02:47.856000 UTC,267,10000
651,MATH 127 Online - Winter 2021,2021-01-11 05:49:59.468000 UTC,2021-05-09 18:33:16.665000 UTC,266,598015
175,ECE 140 - Winter 2019,2019-01-18 20:20:13.010000 UTC,2019-05-05 03:47:16.412000 UTC,266,128219
1074,ECE 106 - Spring 2022,2022-07-07 18:29:14.283000 UTC,2022-08-18 15:23:01.408000 UTC,261,6168
645,AMATH 250 Online - Winter 2021,2021-01-11 05:14:17.583000 UTC,2021-05-10 02:57:42.345000 UTC,260,625147
780,CHEM 123 - Spring 2021,2021-05-10 04:22:42.642000 UTC,2021-09-07 17:01:56.897000 UTC,258,276036
749,AMATH 250 Online - Spring 2021,2021-05-08 16:06:29.243000 UTC,2021-09-08 03:02:06.709000 UTC,257,711962
1022,AMATH 250 Online - Spring 2022,2022-03-09 14:25:52.747000 UTC,2022-08-18 08:18:10.354000 UTC,254,488305
233,MTE120 - Spring 2019,2019-10-03 21:41:30.549000 UTC,2019-11-12 01:59:10.899000 UTC,253,10151
804,STAT 430/830 Spring 2021,2021-05-11 04:00:40.895000 UTC,2021-09-06 01:50:35.622000 UTC,252,304817
1024,ECON 101 Online - Spring 2022,2022-03-31 15:20:49.291000 UTC,2022-08-25 01:04:51.144000 UTC,250,323936
623,KIN 202L - Fall 2020,2020-12-04 14:42:05.911000 UTC,2020-12-19 19:51:28.665000 UTC,249,34463
745,ACTSC 231 Online - Spring 2021,2021-04-22 15:38:08.263000 UTC,2021-09-08 01:52:56.690000 UTC,245,407865
970,STAT 202 Winter 2022,2022-01-05 13:31:57.694000 UTC,2022-05-02 03:04:49.322000 UTC,245,345436
415,STAT 332 - Spring 2020,2020-05-11 04:07:43.318000 UTC,2020-08-16 02:50:34.965000 UTC,245,238811
813,CHEM 120L - Spring 2021,2021-05-10 04:22:21.055000 UTC,2021-08-12 18:15:47.247000 UTC,242,118062
245,ECE 140 S2019,2019-05-16 17:43:06.477000 UTC,2019-09-02 23:32:10.941000 UTC,241,123905
838,CO 250 Online - Fall 2021,2021-09-08 04:25:51.377000 UTC,2021-12-09 00:22:19.375000 UTC,240,77259
218,STAT 340 - Spring 2019 Simulation of Complex Systems,2019-05-06 04:05:52.824000 UTC,2019-06-10 14:07:10.096000 UTC,239,189505
666,PSYCH 292 Online - Winter 2021,2021-01-11 05:19:09.174000 UTC,2021-05-29 02:28:17.646000 UTC,239,146938
362,MATH 127 Online - Spring 2020,2020-05-04 19:28:02.592000 UTC,2020-09-07 23:29:58.428000 UTC,236,565025
363,MATH 128 Online - Spring 2020,2020-05-06 16:09:03.152000 UTC,2020-08-31 17:06:48.315000 UTC,236,444931
805,ECE 140 - Spring 2021 CDTs,2021-05-14 13:03:48.538000 UTC,2021-08-14 10:11:06.274000 UTC,236,128287
1041,ECON 102 Online - Spring 2022 - 083,2022-04-13 13:40:22.401000 UTC,2022-08-31 21:24:41.042000 UTC,234,339477
893,CHEM 121L - Fall 2021,2021-09-08 05:12:19.848000 UTC,2022-01-02 01:33:58.162000 UTC,231,217659
450,CHEM 200 - Fall 2020,2020-06-10 14:25:37.042000 UTC,2021-12-17 04:54:22.148000 UTC,230,153705
912,STAT 333 - Fall 2021,2021-09-13 05:09:30.174000 UTC,2022-01-05 02:24:34.777000 UTC,229,22384
84,Math Readiness Assessment 2018 [MATH],2018-08-15 01:34:48.353000 UTC,2022-05-03 18:29:41.826000 UTC,229,6174
680,ECON 102 Online - Winter 2021 - 081,2021-01-11 05:09:09.460000 UTC,2021-12-19 09:09:49.599000 UTC,227,358950
877,CHEM 121 - Fall 2021,2021-09-08 05:50:33.869000 UTC,2022-01-03 19:02:50.935000 UTC,225,346122
369,PHYS 112 Online - Spring 2020,2020-04-06 15:50:31.137000 UTC,2020-08-13 00:35:45.864000 UTC,225,213754
332,STAT 202 - Winter 2020 Introductory Statistics for Scientists,2020-01-06 15:50:22.169000 UTC,2020-10-26 18:25:42.105000 UTC,224,90328
540,ECON 102 Online - Fall 2020 - 083,2020-09-08 04:52:11.263000 UTC,2021-01-04 18:45:45.214000 UTC,223,314453
967,MATH 127 - Winter 2022,2022-01-05 05:28:42.597000 UTC,2022-05-02 00:36:09.593000 UTC,223,285701
582,SYDE 111 - Fall 2020,2020-09-08 04:28:14.655000 UTC,2021-10-27 21:58:13.025000 UTC,222,257699
542,ECON 102 Online - Fall 2020 - 084,2020-09-08 04:16:05.846000 UTC,2021-01-05 03:15:15.269000 UTC,221,326635
200,Masters of Quantitative Finance Depot,2019-02-05 21:29:12.801000 UTC,2022-05-25 07:01:39.780000 UTC,221,40712
732,ACTSC 371 - Winter 2021,2021-02-24 13:55:08.736000 UTC,2021-05-10 02:17:58.216000 UTC,221,11905
349,CHEM 120 - Winter 2020,2020-01-13 16:07:45.842000 UTC,2020-05-03 01:53:10.144000 UTC,220,96865
255,AFM 131 Online - Fall 2019,2019-08-19 16:03:36.517000 UTC,2021-04-27 16:23:22.808000 UTC,219,257824
187,STAT 340 - Winter 2019 Simulation of Complex Systems,2019-01-07 05:27:45.321000 UTC,2019-02-12 13:39:12.697000 UTC,218,183323
696,STAT 332 - Winter 2021,2021-01-11 05:28:26.976000 UTC,2021-05-10 03:17:53.765000 UTC,217,211493
658,MATH 237 Online - Winter 2021,2021-01-05 19:12:29.754000 UTC,2021-05-10 04:00:07.915000 UTC,216,226664
657,MATH 235 Online - Winter 2021,2021-01-10 22:34:23.137000 UTC,2021-05-02 21:09:06.297000 UTC,216,56752
898,SYDE 111 - Fall 2021,2021-09-08 04:39:37.456000 UTC,2022-01-01 22:07:14.869000 UTC,213,240108
950,MATH 237 Online - Winter 2022,2022-01-05 05:53:57.143000 UTC,2022-04-08 22:31:15.105000 UTC,213,140729
539,ECON 102 Online - Fall 2020 - 082,2020-09-08 04:39:27.386000 UTC,2021-01-05 04:52:12.896000 UTC,212,293973
1002,CO 250 - Winter 2022,2022-01-05 05:47:13.927000 UTC,2022-04-24 17:15:33.964000 UTC,212,106442
962,CHEM 140 - Winter 2022,2022-01-05 06:10:50.163000 UTC,2022-03-29 01:42:45.355000 UTC,211,115855
748,AFM 231/LS 283 Online - Spring 2021,2021-03-30 18:06:51.632000 UTC,2021-08-19 19:57:21.652000 UTC,211,53738
513,ECON 102 Online - Fall 2020 - 081,2020-09-08 04:24:47.617000 UTC,2021-01-04 14:27:20.576000 UTC,209,277687
354,AFM 102 Online - Spring 2020,2020-03-27 14:14:23.487000 UTC,2020-09-26 14:00:02.267000 UTC,208,337715
559,CHEM 265L - Winter 2021,2021-01-06 14:54:54.078000 UTC,2021-08-24 03:23:56.900000 UTC,208,172724
915,ACTSC 372 - Fall 2021,2021-09-13 21:39:05.764000 UTC,2021-12-19 17:29:46.050000 UTC,207,272114
440,CHEM 254 - Spring 2020,2020-05-11 17:08:30.677000 UTC,2020-09-08 03:00:19.056000 UTC,207,200910
1021,AFM 231/LS 283 Online - Spring 2022,2022-05-02 04:58:34.828000 UTC,2022-08-17 20:00:51.869000 UTC,206,64165
837,AMATH 250 Online - Fall 2021,2021-08-11 20:29:16.504000 UTC,2022-01-05 04:35:44.910000 UTC,205,543064
860,ECON 101 Online - Fall 2021 - 082/083,2021-08-09 19:39:35.515000 UTC,2021-12-23 04:32:18.517000 UTC,204,334201
932,AFM 131 Online - Winter 2022,2022-01-05 05:23:15.689000 UTC,2022-04-27 14:23:35.283000 UTC,204,113903
643,AFM 131 Online - Winter 2021,2021-01-11 05:37:21.399000 UTC,2021-05-03 15:30:34.748000 UTC,203,120945
146,MTE100 F2018,2018-10-03 12:19:55.785000 UTC,2018-12-18 22:23:16.290000 UTC,203,10594
861,ECON 101 Online - Fall 2021 - 084/089,2021-08-09 21:25:49.020000 UTC,2022-01-05 06:18:32.559000 UTC,202,334087
505,AFM 102 Online - Fall 2020,2020-08-04 19:22:40.253000 UTC,2020-12-28 00:07:35.321000 UTC,202,302743
408,BIOL 303 - Spring 2020,2020-05-11 04:14:17.709000 UTC,2020-07-30 10:55:14.893000 UTC,200,96507
378,STAT 231 - Winter 2020,2020-03-23 06:00:26.562000 UTC,2021-12-31 17:25:02.207000 UTC,199,37489
933,AMATH 250 Online - Winter 2022,2021-12-03 19:35:57.503000 UTC,2022-05-02 04:03:33.143000 UTC,197,443016
1055,CHEM 123 - Spring 2022,2022-05-02 04:19:25.944000 UTC,2022-08-15 05:49:27.029000 UTC,197,162039
137,CHE 102 - Fall 2018 - Lessons only,2018-09-06 16:41:16.771000 UTC,2019-10-03 18:33:12.997000 UTC,197,96727
1001,CHEM 125L Winter 2022,2022-01-02 00:19:11.292000 UTC,2022-05-01 23:10:49.254000 UTC,193,158333
377,STAT 230 - Winter 2020,2020-03-17 19:08:36.786000 UTC,2020-05-04 01:54:36.051000 UTC,193,31098
908,MATH 136 - Fall 2021,2021-09-08 11:24:46.634000 UTC,2022-01-01 16:26:47.306000 UTC,192,24327
834,AFM 102 Online - Fall 2021,2021-09-08 04:32:17.611000 UTC,2022-01-02 03:31:35.648000 UTC,191,287736
992,CHEM 125 - Winter 2022,2022-01-05 05:59:06.685000 UTC,2022-05-09 23:58:23.963000 UTC,191,268634
492,ECON 211 - Fall 2020,2020-09-08 04:41:04.046000 UTC,2021-01-08 17:01:30.001000 UTC,191,109224
644,AFM 231/LS 283 Online - Winter 2021,2020-12-17 19:36:43.078000 UTC,2021-05-04 04:56:56.046000 UTC,191,50115
567,STAT 371 - Fall 2020,2020-10-18 23:30:18.545000 UTC,2022-08-08 05:21:17.667000 UTC,191,14510
516,MATH 128 Online - Fall 2020,2020-08-26 14:54:49.670000 UTC,2020-12-12 04:10:11.506000 UTC,190,255107
334,MATH 127 - Winter 2020,2020-01-06 06:16:03.590000 UTC,2020-04-25 21:59:06.151000 UTC,190,41949
836,AFM 231/LS 283 Online - Fall 2021,2021-09-08 04:30:25.420000 UTC,2022-01-05 01:09:56.411000 UTC,189,57366
701,BIOL 331 - Winter 2021,2021-01-18 06:37:59.615000 UTC,2021-12-27 18:40:57.075000 UTC,188,26603
949,MATH 235 Online - Winter 2022,2022-01-05 06:53:26.237000 UTC,2022-04-25 22:11:35.741000 UTC,187,122088
97,ACTSC 372 - Fall 2018,2018-09-06 04:12:53.409000 UTC,2018-12-20 04:29:46.613000 UTC,185,128424
553,MTHEL 199 - Fall 2020 - Community August,2020-07-24 13:54:36.088000 UTC,2020-10-14 13:41:13.558000 UTC,184,169324
370,PSYCH 292 Online - Spring 2020,2020-05-11 04:15:23.801000 UTC,2022-04-06 16:25:36.078000 UTC,183,41426
945,MATH 128 Online - Winter 2022,2021-12-14 19:42:04.708000 UTC,2022-04-24 23:05:43.223000 UTC,182,302746
931,AFM 102 Online - Winter 2022,2022-01-05 05:59:31.490000 UTC,2022-05-01 00:01:15.515000 UTC,182,241058
271,SYDE/BME Readiness Assessment 2019,2019-08-16 14:19:49.975000 UTC,2019-09-13 14:00:33.425000 UTC,182,44450
269,Math Readiness Assessment 2019 [Science],2019-07-19 18:48:11.583000 UTC,2020-08-31 17:35:58.214000 UTC,182,14378
917,CHEM 267L - Winter 2022,2021-12-21 14:38:00.128000 UTC,2022-05-01 23:39:17.489000 UTC,178,149935
376,CO 250 - Winter 2020,2020-03-17 03:50:48.233000 UTC,2020-08-26 09:45:07.500000 UTC,177,21350
1020,AFM 102 Online - Spring 2022,2022-04-07 18:16:55.078000 UTC,2022-08-16 08:01:23.257000 UTC,176,233925
88,2018 SYDE/BME Readiness Assessment,2018-08-20 12:30:40.895000 UTC,2018-09-11 04:02:37.842000 UTC,176,31471
556,CHEM 121 - Fall 2020,2020-09-04 17:47:42.441000 UTC,2020-12-24 22:04:25.247000 UTC,175,215752
1006,MATH 135 On Campus Winter 2022,2022-01-05 17:55:10.256000 UTC,2022-04-13 19:07:33.439000 UTC,175,124711
882,ECON 211 - Fall 2021,2021-09-08 04:54:35.874000 UTC,2021-12-19 00:47:26.414000 UTC,175,96096
1031,MATH 237 Online - Spring 2022,2022-05-02 04:14:57.875000 UTC,2022-08-05 02:42:29.030000 UTC,174,107611
965,CHEM 120 Winter 2022,2022-01-05 05:32:38.046000 UTC,2022-05-02 03:54:47.466000 UTC,174,100210
1067,ME 123 - Spring 2022,2022-05-06 19:17:46.523000 UTC,2022-08-04 00:00:19.209000 UTC,173,7417
514,MATH 104 Online - Fall 2020,2020-09-08 04:58:35.655000 UTC,2021-01-05 00:41:42.360000 UTC,170,199930
178,GENE123 W2019 MGMT CHE,2019-01-07 05:00:51.656000 UTC,2019-05-05 04:56:15.824000 UTC,170,192393
335,BIOL 331 - Winter 2020,2019-12-18 22:20:21.030000 UTC,2020-06-22 13:59:37.551000 UTC,169,34248
809,BIOL 303 - Spring 2021,2021-05-05 16:38:27.865000 UTC,2021-07-24 04:15:33.707000 UTC,168,84035
565,Earth 342 - Fall 2020,2020-09-08 11:34:04.728000 UTC,2020-12-17 00:10:40.588000 UTC,168,51727
19,CHE 102 Campus - Fall 2017,2018-09-12 18:13:08.759000 UTC,2020-05-13 11:45:34.339000 UTC,168,16971
956,PHYS 111 Online - Winter 2022,2022-01-06 15:52:16.190000 UTC,2022-04-20 02:00:36.270000 UTC,167,89383
184,Fixed Income Analysis (2nd ed.),2019-01-07 15:16:13.720000 UTC,2020-04-27 14:43:26.193000 UTC,167,86583
960,STAT 230 Online - Winter 2022,2022-01-05 05:32:34.616000 UTC,2022-06-22 05:27:06.591000 UTC,166,360210
226,CIVE123 S2019,2019-05-06 11:06:34.485000 UTC,2019-08-13 16:37:28.200000 UTC,166,35406
961,STAT 231 Online - Winter 2022,2022-01-05 05:12:57.495000 UTC,2022-05-01 16:07:06.341000 UTC,165,186117
232,CHEM 254 - Spring 2019,2019-05-23 18:53:35.452000 UTC,2019-08-08 13:07:14.871000 UTC,165,147262
193,CHEM 120 - Winter 2019,2019-01-16 18:54:11.488000 UTC,2019-04-19 10:09:33.864000 UTC,165,108763
607,STAT 430/830 Fall 2020,2020-09-08 04:22:46.595000 UTC,2020-12-10 04:50:26.987000 UTC,165,45953
1030,MATH 235 Online - Spring 2022,2022-05-02 04:05:33.651000 UTC,2022-08-14 08:51:45.587000 UTC,165,34033
1013,BIOL 331 - Winter 2022,2022-01-17 05:04:50.768000 UTC,2022-03-18 20:42:56.342000 UTC,165,20635
901,MATH 227 Fall 2021,2021-09-08 05:26:47.453000 UTC,2022-01-03 19:47:55.792000 UTC,164,148342
936,ECON 101 Online - Winter 2022 - 081,2021-12-22 13:27:47.941000 UTC,2022-05-01 19:20:31.833000 UTC,163,239961
640,ACTSC 231 Online - Winter 2021,2021-01-09 06:30:07.621000 UTC,2021-05-09 04:01:22.558000 UTC,162,227856
263,STAT 230 Online - Fall 2019,2019-08-06 15:05:02.394000 UTC,2020-06-21 22:27:09.767000 UTC,160,345218
679,ECON 101 Online - Winter 2021 - 088/089,2021-01-11 05:17:15.934000 UTC,2021-05-10 03:09:09.130000 UTC,160,149902
581,MATH 227 - Fall 2020,2020-09-08 04:17:53.089000 UTC,2021-10-15 00:23:07.972000 UTC,160,128859
938,ECON 101 Online - Winter 2022 - 083,2021-12-22 16:38:01.362000 UTC,2022-05-01 18:40:54.481000 UTC,159,237454
682,CHEM 140 - Winter 2021,2020-12-01 14:32:07.022000 UTC,2021-04-09 07:29:28.823000 UTC,159,114898
324,STAT 231 Online - Winter 2020,2019-12-10 19:41:42.167000 UTC,2020-06-06 19:12:16.984000 UTC,158,150555
900,Earth 342 Fall 2021,2021-09-08 06:54:28.799000 UTC,2021-12-19 16:48:24.160000 UTC,158,76683
625,BIOL 266 - Fall 2020,2020-09-25 13:49:17.949000 UTC,2021-01-05 03:29:03.722000 UTC,158,7917
674,ECON 101 Online - Winter 2021 - 082,2021-01-11 05:05:16.510000 UTC,2021-05-09 22:15:18.843000 UTC,157,274688
678,ECON 101 Online - Winter 2021 - 087,2021-01-11 05:21:22.308000 UTC,2021-05-09 13:04:36.083000 UTC,157,266758
190,ACTSC 372 - Winter 2019,2019-01-07 05:18:47.463000 UTC,2020-08-01 20:52:04.643000 UTC,157,125767
868,ECON 101 Online - Fall 2021 - 385,2021-08-12 19:12:34.539000 UTC,2022-05-04 17:37:25.788000 UTC,156,284565
754,ECON 101 Online - Spring 2021 - 083,2021-04-21 19:01:52.666000 UTC,2021-09-02 05:06:20.597000 UTC,156,237610
570,ECON 101 Online - Fall 2020 - 784,2020-08-06 18:38:38.591000 UTC,2020-12-17 14:54:11.164000 UTC,155,284854
1052,CHEM 120 - Spring 2022,2022-05-02 04:49:30.153000 UTC,2022-08-12 00:36:20.084000 UTC,155,147787
569,ECON 101 Online - Fall 2020 - 783,2020-08-06 15:05:25.144000 UTC,2021-01-05 02:57:39.448000 UTC,154,263524
676,ECON 101 Online - Winter 2021 - 084,2021-01-11 02:42:48.667000 UTC,2021-05-10 01:02:49.619000 UTC,153,286074
572,ECON 101 Online - Fall 2020 - 786,2020-08-07 18:44:47.745000 UTC,2021-01-05 05:00:03.087000 UTC,153,279789
939,ECON 101 Online - Winter 2022 - 084,2021-12-22 19:38:53.295000 UTC,2022-05-02 03:23:32.268000 UTC,153,219509
752,ECON 101 Online - Spring 2021 - 081,2021-04-19 14:34:37.212000 UTC,2021-09-08 03:06:00.515000 UTC,153,213036
814,CHEM 123L - Spring 2021,2021-05-10 04:14:31.756000 UTC,2021-08-16 01:44:02.982000 UTC,153,194192
537,ECON 101 Online - Fall 2020 - 089,2020-08-06 13:09:13.225000 UTC,2021-01-05 03:36:03.094000 UTC,152,267018
571,ECON 101 Online - Fall 2020 - 785,2020-08-06 20:22:45.856000 UTC,2021-01-04 01:06:07.326000 UTC,152,260466
538,ECON 101 Online - Fall 2020 - 781,2020-08-06 13:18:06.859000 UTC,2021-01-04 23:21:45.520000 UTC,152,249790
714,CHEM 254 - Winter 2021,2021-01-18 15:41:26.035000 UTC,2022-04-20 15:41:09.883000 UTC,151,79702
934,CO 250 Online - Winter 2022,2022-01-05 05:34:40.676000 UTC,2022-05-01 03:58:24.009000 UTC,151,71383
541,ECON 101 Online - Fall 2020 - 782,2020-08-06 14:55:46.141000 UTC,2020-12-27 22:09:34.132000 UTC,150,247755
958,PSYCH 292 Online - Winter 2022,2022-01-05 05:12:05.898000 UTC,2022-07-17 17:42:59.309000 UTC,150,88996
810,BIOL 359 Online - Spring 2021,2021-05-28 23:27:41.333000 UTC,2021-08-13 16:58:38.964000 UTC,150,12526
305,MTE 120 - Winter 2020,2020-01-03 17:12:43.972000 UTC,2020-05-20 20:28:38.136000 UTC,149,30621
235,CHEM 120 Online  Spring 2019,2019-05-06 11:57:30.134000 UTC,2019-08-17 00:23:28.294000 UTC,147,78216
673,ECON 101 Online - Winter 2021 - 081,2021-01-11 05:52:49.381000 UTC,2021-05-06 15:03:04.944000 UTC,146,255626
532,ECON 101 Online - Fall 2020 - 084,2020-08-07 18:54:23.045000 UTC,2020-12-18 00:08:59.920000 UTC,146,224343
172,PHYS 111 Online - Winter 2019,2018-12-04 16:35:56.793000 UTC,2019-05-06 03:10:01.447000 UTC,146,77431
825,PHYS 256 - Fall 2021,2021-09-09 01:04:08.148000 UTC,2021-12-02 07:31:08.698000 UTC,145,172882
1042,STAT 332 Summer 2022,2022-05-02 04:39:06.111000 UTC,2022-08-29 20:06:31.365000 UTC,145,153423
310,CO 250 Online - Winter 2020,2019-11-18 16:54:26.585000 UTC,2020-05-04 08:10:04.468000 UTC,145,101371
1036,PHYS 112 Online - Spring 2022,2022-03-28 13:19:53.798000 UTC,2022-08-12 19:52:38.651000 UTC,144,301404
162,CIVE123 W2019,2019-01-07 05:16:01.208000 UTC,2019-05-06 02:11:23.905000 UTC,144,99993
361,MATH 106 Online - Spring 2020,2020-05-07 20:14:15.840000 UTC,2020-08-24 20:25:27.155000 UTC,144,80878
507,AFM 231/LS 283 Online - Fall 2020,2020-08-27 19:48:13.137000 UTC,2021-01-04 05:14:02.858000 UTC,144,28608
677,ECON 101 Online - Winter 2021 - 085,2021-01-11 05:24:03.908000 UTC,2021-05-10 03:45:27.148000 UTC,143,249166
603,NE 121 - Fall 2020,2020-09-12 18:25:20.611000 UTC,2020-12-10 20:38:34.953000 UTC,143,237491
512,ECON 101 Online - Fall 2020 - 081,2020-08-05 19:42:28.029000 UTC,2021-01-01 19:36:52.055000 UTC,143,230730
161,CO 250 Online - Winter 2019,2018-12-07 20:34:28.879000 UTC,2019-05-12 00:41:01.576000 UTC,143,115000
321,PHYS 111 Online - Winter 2020,2019-12-18 16:33:18.996000 UTC,2021-01-06 20:23:11.166000 UTC,143,79135
922,MATH 235 Winter 2022,2022-01-05 12:34:50.671000 UTC,2022-05-02 01:00:06.050000 UTC,143,69396
755,ECON 101 Online - Spring 2021 - 084,2021-04-22 15:22:10.835000 UTC,2021-09-08 04:25:04.846000 UTC,142,175520
205,CO 250 Online - Spring 2019,2019-03-05 18:39:31.574000 UTC,2019-08-24 17:00:42.462000 UTC,142,114002
594,MTHEL 199 - Fall 2020 - September (42),2020-08-25 01:42:49.994000 UTC,2020-10-25 04:43:09.212000 UTC,142,65432
1023,CO 250 Online - Spring 2022,2022-04-11 17:34:20.837000 UTC,2022-08-15 08:17:45.896000 UTC,142,51649
298,ACTSC 372 - Fall 2019,2019-09-04 18:55:09.551000 UTC,2019-12-22 05:18:13.490000 UTC,141,219196
592,MATH 137 Calculus 1 Physics-based section - Fall 2020,2020-09-08 06:17:19.362000 UTC,2021-01-04 16:10:39.096000 UTC,141,152682
929,STAT 332 Winter 2022,2022-01-05 05:15:43.890000 UTC,2022-04-12 04:06:06.574000 UTC,141,122105
1026,MATH 127 Online - Spring 2022,2022-05-02 05:15:35.106000 UTC,2022-08-28 19:05:38.933000 UTC,140,322095
530,ECON 101 Online - Fall 2020 - 082,2020-08-05 19:52:00.023000 UTC,2021-01-05 02:51:48.570000 UTC,140,225642
264,STAT 231 Online - Fall 2019,2019-08-09 19:00:07.271000 UTC,2020-01-06 05:16:51.621000 UTC,140,167320
1051,AMATH 250 - Spring 2022,2022-05-02 14:19:07.180000 UTC,2022-08-14 20:44:41.411000 UTC,140,63177
869,ECON 101 Online - Fall 2021 - 386,2021-08-12 21:31:33.569000 UTC,2022-01-04 22:11:56.324000 UTC,139,216204
391,ACTSC 221 Online - Spring 2020,2020-04-07 17:39:19.301000 UTC,2020-09-05 21:01:40.800000 UTC,137,298945
340,AMATH 250 - Winter 2020,2020-01-06 05:35:07.625000 UTC,2020-05-03 22:28:06.133000 UTC,137,35861
224,MMT Library and Research Resources,2019-04-26 07:49:28.634000 UTC,2022-08-24 06:18:16.477000 UTC,137,2658
360,ECON 101 Online - Spring 2020 - 081,2020-05-11 04:57:49.632000 UTC,2020-09-08 02:20:15.387000 UTC,136,215492
1037,PMATH 330 Online - Spring 2022,2022-03-30 17:20:59.948000 UTC,2022-08-24 21:18:57.297000 UTC,136,54119
864,ECON 101 Online - Fall 2021 - 381,2021-08-10 17:34:21.988000 UTC,2022-01-05 02:21:54.985000 UTC,135,282758
769,PHYS 112 Online - Spring 2021,2021-05-10 04:13:56.016000 UTC,2022-02-28 07:49:07.699000 UTC,135,278874
241,CHEM 123 - Spring 2019,2019-05-09 16:09:42.042000 UTC,2019-08-21 03:05:14.778000 UTC,135,101531
345,ACTSC 372 - Winter 2020,2020-01-09 18:01:38.026000 UTC,2020-07-01 02:00:12.206000 UTC,133,75236
753,ECON 101 Online - Spring 2021 - 082,2021-04-20 20:02:07.999000 UTC,2021-09-06 00:04:42.847000 UTC,132,165484
292,NE 121 - Fall 2019,2019-09-08 18:48:27.797000 UTC,2020-01-05 22:01:31.970000 UTC,132,156988
844,MATH 128 Online - Fall 2021,2021-08-17 17:54:39.308000 UTC,2022-01-05 04:49:34.223000 UTC,131,254329
531,ECON 101 Online - Fall 2020 - 083,2020-08-05 20:17:25.667000 UTC,2020-12-24 05:43:18.989000 UTC,131,199872
533,ECON 101 Online - Fall 2020 - 085,2020-08-05 20:33:27.312000 UTC,2020-12-26 02:03:14.747000 UTC,131,197564
449,ECE 260 - Spring 2020,2020-06-15 12:32:49.353000 UTC,2021-12-14 18:32:09.997000 UTC,131,13713
304,CIVE 123 - Winter 2020,2020-01-06 06:06:03.359000 UTC,2020-04-29 02:57:27.343000 UTC,130,38219
760,MATH 128 Online - Spring 2021,2021-03-23 19:35:42.629000 UTC,2021-09-08 03:56:57.204000 UTC,129,170040
89,Math Readiness Assessment 2018 [Science],2018-08-15 03:24:27.377000 UTC,2019-05-16 06:10:20.443000 UTC,129,12778
189,CHE 101 - Winter 2019,2019-01-07 12:26:59.802000 UTC,2020-09-01 19:10:09.365000 UTC,129,2711
1061,MATH 136 Spring 2022 (Section 04),2022-05-02 12:55:20.690000 UTC,2022-08-18 12:50:22.065000 UTC,128,154222
198,Actuarial Science Applicants Test,2020-02-08 08:38:50.790000 UTC,2022-02-13 06:41:31.015000 UTC,128,13342
208,MATH 128 Online - Spring 2019,2019-04-26 15:18:32.740000 UTC,2019-08-28 18:54:25.486000 UTC,127,229513
343,CHEM 254 - Winter 2020,2020-01-23 16:46:26.896000 UTC,2020-04-21 18:04:46.676000 UTC,127,102455
1009,PSYCH 292 - Winter 2022,2022-01-05 05:10:23.025000 UTC,2022-04-09 01:27:17.427000 UTC,127,76797
1027,MATH 128 Online - Spring 2022,2022-05-02 12:51:12.117000 UTC,2022-08-29 15:43:44.135000 UTC,126,250944
308,AFM 131 Online - Winter 2020,2019-12-12 15:55:58.232000 UTC,2021-01-13 11:03:20.336000 UTC,126,163670
39,MATH 128 Past Assignment Practice,2018-09-21 17:37:16.697000 UTC,2020-01-27 00:46:34.554000 UTC,126,25528
206,ECON 101 Online - Spring 2019,2019-04-22 19:57:32.148000 UTC,2019-09-04 03:44:38.029000 UTC,125,285325
964,AMATH 250 - Winter 2022,2022-01-05 05:21:40.516000 UTC,2022-05-01 00:28:36.409000 UTC,124,273723
708,CHEM 350 - Winter 2021,2021-02-03 14:38:51.413000 UTC,2021-05-08 21:00:21.843000 UTC,124,165895
163,MTE 120 - Winter 2019,2018-11-29 21:13:06.593000 UTC,2019-04-30 17:37:16.863000 UTC,124,66628
117,ECON 101 Online - Fall 2018,2018-08-29 18:33:39.989000 UTC,2019-01-07 03:18:51.779000 UTC,123,207739
312,ECON 101 Online - Winter 2020,2019-11-25 15:06:38.891000 UTC,2020-04-19 00:48:28.022000 UTC,123,184298
176,GENE 123 - Winter 2019 - Lab 105,2018-12-04 14:38:18.155000 UTC,2019-04-24 12:26:07.476000 UTC,123,91137
568,STAT 373 - Fall 2020,2020-11-23 20:22:21.469000 UTC,2022-01-03 23:45:37.966000 UTC,123,14459
527,SDS 250R/SWREN 250R Online - Fall 2020,2020-09-05 21:57:53.743000 UTC,2020-12-21 06:24:53.492000 UTC,122,91849
867,ECON 101 Online - Fall 2021 - 384,2021-08-16 13:34:53.303000 UTC,2022-01-05 05:55:36.329000 UTC,121,211382
323,STAT 230 Online - Winter 2020,2019-12-12 14:59:15.012000 UTC,2020-04-27 13:23:29.819000 UTC,121,209144
778,SYDE 112 - Spring 2021,2021-05-03 19:07:41.362000 UTC,2021-09-08 02:34:57.365000 UTC,121,158478
796,CHEM 120 - Spring 2021,2021-05-10 05:04:46.917000 UTC,2021-12-15 16:40:05.622000 UTC,121,103166
803,STAT 340 Spring 2021,2021-05-10 04:32:09.385000 UTC,2021-06-04 16:00:10.578000 UTC,120,116421
980,ECON 101 - Winter 2022 - 003/004,2021-12-17 19:51:59.216000 UTC,2022-04-13 22:55:14.588000 UTC,120,52461
46,EUGO - First Year Circuits,2018-08-16 12:25:49.333000 UTC,2020-04-29 03:08:57.490000 UTC,119,742
518,MATH 228 Online - Fall 2020,2020-08-04 19:08:39.858000 UTC,2021-01-04 15:28:24.362000 UTC,118,191474
910,NE 121 - Fall 2021,2021-09-16 02:08:27.585000 UTC,2021-12-31 21:51:22.943000 UTC,117,186961
840,MATH 103 Online - Fall 2021,2021-09-08 07:13:30.029000 UTC,2021-12-26 15:42:46.960000 UTC,117,133563
830,NE 222L - Fall 2021,2021-09-08 13:23:55.513000 UTC,2021-12-19 21:13:39.350000 UTC,117,112869
919,ACTSC 372 Winter 2022,2021-12-22 21:57:41.598000 UTC,2022-03-09 04:48:42.743000 UTC,117,94371
400,BIOL 308 - Spring 2020,2020-05-09 16:30:26.273000 UTC,2020-06-19 01:38:20.045000 UTC,117,1011
223,GENE 123 - Spring 2019 - Lab 103,2019-05-06 18:00:42.187000 UTC,2021-02-04 21:19:41.398000 UTC,116,132198
278,SDS 250R/SWREN 250R - Fall 2019,2019-08-29 18:47:56.977000 UTC,2020-01-07 19:07:01.821000 UTC,116,81333
1044,NE 224L - Spring 2022,2022-04-12 19:05:06.453000 UTC,2022-08-11 20:20:30.224000 UTC,116,65352
257,ECON 101 Online - Fall 2019,2019-08-20 21:42:03.966000 UTC,2020-08-20 20:01:51.722000 UTC,115,222086
944,MATH 127 Online - Winter 2022,2022-01-05 05:40:44.227000 UTC,2022-04-07 04:42:09.665000 UTC,115,127723
170,STAT 230 Online - Winter 2019,2018-12-05 19:47:23.711000 UTC,2019-05-06 02:54:30.277000 UTC,114,224215
306,ACTSC 221 Online - Winter 2020,2019-11-07 17:40:11.843000 UTC,2020-05-04 00:36:26.148000 UTC,113,133919
712,STAT 316 - Winter 2021,2021-01-14 19:20:01.900000 UTC,2021-05-04 17:08:11.917000 UTC,113,24695
452,NE 225 Master Class,2020-09-23 12:27:33.197000 UTC,2021-01-23 22:40:59.863000 UTC,112,77856
164,ECON 101 Online - Winter 2019,2019-01-04 20:45:02.465000 UTC,2019-05-06 02:21:08.733000 UTC,111,201395
722,ME 123 - Winter 2021,2021-01-11 17:27:36.706000 UTC,2021-04-24 01:11:58.712000 UTC,111,163205
397,GENE 123 - Spring 2020 - Lab 102,2020-05-05 16:44:00.092000 UTC,2020-08-22 01:59:46.408000 UTC,111,149392
919,ACTSC 372 - Winter 2022,2022-03-09 18:14:54.164000 UTC,2022-04-19 15:23:17.771000 UTC,111,76993
233,MTE120 S2019,2019-05-06 10:27:11.902000 UTC,2019-10-03 10:51:48.431000 UTC,111,52732
828,ACTSC 371 - Spring 2021,2021-06-18 14:03:04.035000 UTC,2021-09-07 20:50:36.882000 UTC,111,10064
709,SYDE 112 - Winter 2021,2020-12-21 23:25:40.030000 UTC,2022-04-08 19:36:19.770000 UTC,110,175647
987,SYDE 211 Winter 2022,2022-01-05 06:02:04.138000 UTC,2022-05-04 04:22:10.382000 UTC,110,82976
396,ME 123 Parent,2021-01-29 22:25:41.771000 UTC,2021-03-15 08:19:31.113000 UTC,110,8174
728,GENE 123 - Winter 2021,2021-01-14 21:30:13.775000 UTC,2021-04-24 02:35:25.769000 UTC,109,156982
438,CO 380 - Spring 2020,2020-05-11 04:19:36.915000 UTC,2020-09-08 03:20:52.596000 UTC,109,135040
911,BME 285 - Fall 2021,2021-09-08 14:34:50.871000 UTC,2021-12-18 22:52:05.024000 UTC,109,130049
706,GENE 123 - Winter 2021 - extra for Fiona,2021-01-15 12:31:39.662000 UTC,2021-04-14 23:29:56.864000 UTC,109,61212
957,PMATH 330 Online - Winter 2022,2021-11-24 16:27:02.027000 UTC,2022-04-22 15:57:08.858000 UTC,109,44058
930,STAT 316 Winter 2022,2022-01-05 06:26:03.199000 UTC,2022-04-28 20:05:53.066000 UTC,109,20727
859,ECON 101 Online - Fall 2021 - 081,2021-08-09 16:00:13.293000 UTC,2021-12-16 04:16:21.789000 UTC,108,176700
337,GENE 123 - Winter 2020 - Lab 104,2020-01-06 05:35:47.201000 UTC,2020-04-26 01:54:09.879000 UTC,108,90404
166,MATH 128 Online - Winter 2019,2018-12-14 15:05:37.343000 UTC,2019-11-23 00:39:06.065000 UTC,107,193193
500,ACTSC 221 Online - Fall 2020,2020-07-30 15:56:48.046000 UTC,2021-01-04 18:23:32.106000 UTC,107,141640
126,CHEM 123 Online - Fall 2018,2018-09-12 02:22:14.947000 UTC,2019-02-22 02:06:47.669000 UTC,106,66354
247,BIOL 303 - Spring 2019,2019-05-22 03:31:28.064000 UTC,2019-08-17 16:11:10.036000 UTC,106,33578
234,CO 480 - Spring 2019,2019-05-06 04:23:08.748000 UTC,2019-08-07 20:30:24.514000 UTC,106,30138
1028,MATH 135 Online - Spring 2022,2022-05-02 04:47:20.394000 UTC,2022-08-18 16:10:58.501000 UTC,105,131169
899,SYDE 211 - Fall 2021,2021-09-08 04:12:18.627000 UTC,2022-04-08 21:44:10.727000 UTC,105,101029
213,PHYS 112 Online - Spring 2019,2019-04-24 14:21:39.351000 UTC,2019-08-20 06:46:04.565000 UTC,105,51814
145,NE 224L - Fall 2018,2018-09-13 12:41:52.254000 UTC,2018-11-28 06:26:39.986000 UTC,105,23129
262,MATH 692 Online - Fall 2019,2019-08-14 20:59:35.025000 UTC,2019-12-10 19:56:18.341000 UTC,104,70075
447,PMATH 330 Online - Spring 2020,2020-05-06 19:26:53.325000 UTC,2020-08-15 21:40:43.978000 UTC,104,44372
703,MATBUS 471 Winter 2021,2021-01-06 20:58:41.793000 UTC,2021-05-01 00:42:34.627000 UTC,103,267288
641,ACTSC 232 Online - Winter 2021,2021-01-04 15:54:27.778000 UTC,2021-05-09 14:05:27.673000 UTC,103,155337
173,MATH 681 Online - Winter 2019,2018-11-30 19:38:50.125000 UTC,2019-05-06 00:57:27.270000 UTC,102,194284
650,MATH 106 Online - Winter 2021,2021-01-11 05:58:58.603000 UTC,2021-05-10 02:50:26.552000 UTC,102,95194
1025,MATH 106 Online - Spring 2022,2022-03-29 17:33:33.609000 UTC,2022-08-15 14:07:03.935000 UTC,102,77359
319,MATH 681 Online - Winter 2020,2019-12-04 21:27:49.298000 UTC,2020-05-02 06:56:41.966000 UTC,101,175061
692,PHYS 125 - Winter 2021,2021-01-11 05:13:47.347000 UTC,2021-04-14 04:01:25.680000 UTC,101,60835
281,COMM 101 - Fall 2019,2019-09-04 14:53:28.469000 UTC,2019-12-04 04:51:17.164000 UTC,101,58083
782,NE 224L - Spring 2021,2021-05-12 17:44:09.734000 UTC,2021-09-07 01:20:52.043000 UTC,101,40926
381,KIN 204L - Winter 2020,2020-03-25 13:06:14.520000 UTC,2020-04-26 19:43:40.745000 UTC,101,16661
403,ACTSC 232 Online - Spring 2020,2020-05-08 20:06:15.948000 UTC,2020-09-08 01:20:54.747000 UTC,100,186193
862,ECON 101 Online - Fall 2021 - 085,2021-08-10 14:41:01.228000 UTC,2021-12-25 01:01:31.225000 UTC,100,185325
761,MATH 135 Online - Spring 2021,2021-05-10 04:18:57.547000 UTC,2021-08-29 18:21:48.252000 UTC,100,177357
802,STAT 372 Spring 2021,2021-05-10 05:25:54.250000 UTC,2021-09-08 03:22:55.967000 UTC,100,111383
871,SDS 250R/SWREN 250R Online - Fall 2021,2021-09-08 11:38:19.660000 UTC,2022-01-01 23:34:58.889000 UTC,100,98829
192,CHEM 254 - Winter 2019,2019-01-16 03:37:23.085000 UTC,2019-05-03 13:45:12.252000 UTC,100,90130
1068,MTE 120 - Spring 2022,2022-05-06 19:07:57.071000 UTC,2022-07-13 17:59:08.814000 UTC,100,4091
841,MATH 104 Online - Fall 2021,2021-09-08 04:52:50.359000 UTC,2021-12-10 16:14:44.056000 UTC,99,180173
115,MATH 692 Online - Fall 2018,2018-10-08 04:57:31.145000 UTC,2019-01-06 18:23:14.364000 UTC,99,75680
207,MATH 127 Online - Spring 2019,2019-04-25 15:25:21.939000 UTC,2019-08-15 04:59:47.002000 UTC,98,236911
346,GENE 123 - Winter 2020 - Lab 103 - Fiona,2020-01-10 13:30:07.789000 UTC,2020-04-21 20:57:17.952000 UTC,98,140070
333,MATBUS 471 - Winter 2020,2019-12-27 18:44:46.473000 UTC,2020-06-18 21:47:57.038000 UTC,98,92464
130,CHEM 209 - Fall 2018,2018-09-07 16:13:07.805000 UTC,2019-01-06 23:11:16.807000 UTC,98,28916
660,MATH 674 (Topic 1) Online - Winter 2021,2020-12-18 21:16:33.323000 UTC,2021-04-20 12:21:01.881000 UTC,97,174573
808,ME 123 - Spring 2021,2021-05-10 17:30:27.852000 UTC,2021-08-13 18:45:15.941000 UTC,97,135035
850,MATH 630 Online - Fall 2021,2021-09-08 05:43:21.825000 UTC,2022-01-05 03:20:58.636000 UTC,97,103590
1065,CHEM 123L - Spring 2022,2022-05-02 04:37:11.526000 UTC,2022-08-03 23:16:25.481000 UTC,97,64649
294,NE 222L - Fall 2019,2019-09-04 11:16:04.880000 UTC,2019-11-28 00:13:18.961000 UTC,97,28722
726,SYDE 211 - Winter 2021,2021-01-11 05:11:10.150000 UTC,2021-05-10 03:23:13.821000 UTC,96,138520
116,MATH 128 Online - Fall 2018,2018-08-28 15:48:26.778000 UTC,2019-01-07 05:01:32.234000 UTC,95,182406
185,MATBUS 471 - Winter 2019,2019-01-08 00:28:12.858000 UTC,2019-04-16 19:19:26.881000 UTC,95,93558
453,NE 225 - Spring 2020,2020-05-20 13:52:45.257000 UTC,2020-08-06 23:53:49.368000 UTC,95,71660
784,ECE 493t42 - Spring 2021,2021-06-21 20:30:03.400000 UTC,2021-08-25 05:12:44.392000 UTC,95,26143
584,MATBUS 471 - Fall 2020,2020-08-25 14:08:21.501000 UTC,2021-01-05 02:49:43.178000 UTC,94,222894
441,SYDE 112 - Spring 2020,2020-05-11 04:22:29.311000 UTC,2020-08-22 22:37:22.489000 UTC,94,169369
443,MATH 135 - Spring 2020,2020-05-07 18:34:58.586000 UTC,2020-10-09 17:36:41.051000 UTC,94,79924
454,NE 334 - Spring 2020 Statistical Thermodynamics,2020-05-16 19:14:14.229000 UTC,2020-08-06 04:01:04.352000 UTC,94,38876
785,ECE 657A - Spring 2021,2021-07-20 17:52:52.128000 UTC,2021-09-01 04:25:22.333000 UTC,94,29213
946,MATH 135 Online - Winter 2022,2022-01-05 05:52:22.056000 UTC,2022-04-22 13:40:41.214000 UTC,93,107179
491,OPTOM 106 - Fall 2020,2020-09-08 11:59:51.871000 UTC,2021-07-09 02:07:27.507000 UTC,93,61219
665,PMATH 330 Online - Winter 2021,2020-12-10 21:45:09.421000 UTC,2021-04-29 01:34:50.712000 UTC,93,36510
648,COMM 101 Online - Winter 2021,2021-01-11 05:34:59.044000 UTC,2021-05-10 02:11:24.459000 UTC,92,156641
502,ACTSC 232 Online - Fall 2020,2020-09-04 17:55:58.371000 UTC,2021-01-05 04:08:06.281000 UTC,92,110158
734,MATH 114 Winter 2021,2021-01-22 21:24:51.590000 UTC,2021-04-29 17:00:36.987000 UTC,92,77178
287,ACTSC 221 - Fall 2019,2019-08-26 18:52:13.325000 UTC,2020-08-21 19:20:12.031000 UTC,92,69166
986,SYDE 112 Winter 2022,2022-01-05 05:13:13.304000 UTC,2022-04-29 03:55:39.666000 UTC,92,65735
903,MATH 114 - Fall 2021,2021-09-07 19:55:19.278000 UTC,2022-01-01 14:36:52.262000 UTC,92,21112
767,MATH 661 Online - Spring 2021,2021-04-26 04:12:02.631000 UTC,2021-08-26 15:11:48.090000 UTC,91,112435
412,NE 224 - Spring 2020,2020-05-11 12:39:52.223000 UTC,2021-05-13 14:47:28.606000 UTC,91,16497
585,BME 285 - Fall 2020,2020-09-03 16:29:26.034000 UTC,2021-01-05 03:40:59.577000 UTC,90,130042
168,MATH 674 (Topic 1) Online - Winter 2019,2018-12-10 18:43:31.311000 UTC,2019-05-03 15:27:44.441000 UTC,90,129636
713,MNS 322 - Winter 2021,2021-01-20 15:58:15.928000 UTC,2021-04-23 02:27:15.472000 UTC,90,16858
544,SYDE 211 - Fall 2020,2020-09-08 05:45:06.009000 UTC,2020-12-26 22:44:47.655000 UTC,89,137583
824,NE 334 - Spring 2021,2021-05-31 01:13:58.246000 UTC,2021-08-26 17:13:55.468000 UTC,89,24908
1016,CHEM 350 Winter 2022,2022-02-03 07:28:40.950000 UTC,2022-04-19 21:45:08.224000 UTC,89,9065
426,ECE 493 - Spring 2020 Prob Reason &amp; Reinforce Learn,2020-07-09 12:16:42.568000 UTC,2020-07-11 12:07:55.529000 UTC,89,7125
759,MATH 127 Online - Spring 2021,2021-03-15 20:39:48.877000 UTC,2021-09-08 02:19:09.183000 UTC,88,188647
266,MATH 128 Online - Fall 2019,2019-07-24 14:35:34.397000 UTC,2019-12-19 17:43:58.715000 UTC,88,126842
974,MATH 106 Winter 2022,2022-01-05 05:37:36.023000 UTC,2022-01-26 19:59:02.855000 UTC,88,17642
309,AMATH 250 Online - Winter 2020,2019-11-11 15:50:10.891000 UTC,2020-05-08 02:01:40.624000 UTC,87,165851
573,COMM 321 - Spring 2020,2020-08-10 04:18:59.571000 UTC,2020-08-21 16:37:45.335000 UTC,87,19575
446,AFM 372 - Spring 2020,2020-05-28 18:03:59.207000 UTC,2020-08-24 19:40:36.468000 UTC,86,28056
672,CHE 161 - Biology for Engineers - Winter 2021,2021-01-11 06:40:43.886000 UTC,2021-05-08 17:08:39.287000 UTC,85,183422
112,STAT 230 Online - Fall 2018,2018-08-21 13:55:58.978000 UTC,2018-12-22 06:05:32.476000 UTC,85,163691
633,CHE 101 - Winter 2021,2021-01-07 14:50:33.591000 UTC,2021-05-08 17:29:23.645000 UTC,85,49525
526,PMATH 330 Online - Fall 2020,2020-09-08 04:23:53.827000 UTC,2020-12-18 20:25:25.374000 UTC,85,37708
985,EARTH 390 - Winter 2022,2022-02-11 15:30:17.067000 UTC,2022-04-26 23:06:29.052000 UTC,85,35233
499,PMATH 340 - Fall 2020,2020-09-01 14:39:19.318000 UTC,2020-12-04 07:48:09.322000 UTC,85,19180
169,STAT 231 Online - Winter 2019,2018-12-05 14:51:57.217000 UTC,2020-06-11 01:02:36.605000 UTC,84,145684
399,ACTSC 431 Online - Spring 2020,2020-05-01 15:32:42.410000 UTC,2020-08-18 05:15:52.775000 UTC,84,43734
240,CHEM 123L - s'19,2019-05-08 15:44:40.452000 UTC,2019-08-11 03:49:42.124000 UTC,84,9147
314,MATH 128 Online - Winter 2020,2019-12-18 16:13:58.853000 UTC,2020-05-03 17:34:19.118000 UTC,83,146399
661,MATH 674 (Topic 2) Online - Winter 2021,2020-12-18 22:25:26.144000 UTC,2021-04-25 18:56:23.601000 UTC,83,98670
691,PHYS 115 - Winter 2021,2021-01-11 05:24:53.134000 UTC,2021-04-13 19:49:26.831000 UTC,83,68983
380,CHE 161 - Biology for Engineers - Spring 2020,2020-07-13 13:03:19.840000 UTC,2021-08-13 23:23:11.706000 UTC,83,40866
718,EARTH 238 Lab - Winter 2021,2021-01-11 15:43:04.398000 UTC,2021-04-28 21:09:40.657000 UTC,83,18469
524,MATH 692 Online - Fall 2020,2020-10-12 04:18:40.778000 UTC,2021-01-05 02:19:53.187000 UTC,82,54281
479,MATH 127 Sandbox,2020-09-02 20:45:46.459000 UTC,2022-06-13 17:21:07.979000 UTC,82,960
203,ACTSC 231 Online - Spring 2019,2019-03-13 15:14:54.630000 UTC,2019-09-04 04:00:11.982000 UTC,81,125409
103,STAT 231 Online - Fall 2018,2018-09-06 04:18:36.252000 UTC,2018-12-11 19:12:31.029000 UTC,81,68202
1038,PSYCH 292 Online - Spring 2022,2022-05-02 06:35:49.849000 UTC,2022-08-15 13:46:57.689000 UTC,81,37175
108,MATBUS 471 - Fall 2018,2018-09-06 18:33:49.862000 UTC,2019-01-02 20:10:44.237000 UTC,80,142991
311,COMM 101 Online - Winter 2020,2019-11-13 19:02:42.649000 UTC,2020-09-28 18:25:34.140000 UTC,80,134627
744,ACTSC 221 Online - Spring 2021,2021-03-25 14:57:29.177000 UTC,2021-09-08 03:42:33.140000 UTC,80,82378
897,MATH 600 Online - Fall 2021,2021-08-26 12:53:13.993000 UTC,2022-01-03 17:30:47.099000 UTC,80,73485
365,MATH 636 Online - Spring 2020,2020-03-30 15:24:36.102000 UTC,2020-09-01 12:37:47.639000 UTC,80,40080
795,MATBUS 471 - Spring 2021,2021-05-03 17:32:29.999000 UTC,2021-09-08 02:27:19.426000 UTC,79,210757
1050,MATBUS 471 - Spring 2022,2022-05-02 05:17:34.372000 UTC,2022-08-05 15:16:14.835000 UTC,79,132812
913,MNS 101 - Fall 2021,2021-09-13 15:29:22.633000 UTC,2022-01-20 18:00:11.735000 UTC,79,78817
626,CHEM 233L - Winter 2021,2021-01-10 19:39:12.908000 UTC,2021-04-14 22:05:52.818000 UTC,79,43964
21,ACTSC 221 - Fall 2017,2018-09-06 04:19:36.118000 UTC,2019-01-06 17:47:18.530000 UTC,79,31618
1064,CHEM 120L - Spring 2022,2022-05-02 04:25:43.596000 UTC,2022-07-27 15:52:14.478000 UTC,78,50964
974,MATH 106 Winter 2022 (Online),2022-01-26 21:21:07.993000 UTC,2022-04-13 18:08:52.545000 UTC,78,49645
751,CO 480 Online - Spring 2021,2021-05-10 04:37:26.220000 UTC,2021-09-06 01:22:10.514000 UTC,78,37458
1056,AFM 275 - Spring 2022,2022-05-31 18:16:05.823000 UTC,2022-08-14 14:52:04.466000 UTC,78,21077
348,EARTH 238 Lab - Winter 2020,2020-01-14 22:01:41.687000 UTC,2020-04-03 15:35:36.435000 UTC,77,8634
662,MATH 681 Online - Winter 2021,2020-12-28 05:30:09.038000 UTC,2021-04-30 19:10:25.998000 UTC,76,134537
854,MATH 692 Online - Fall 2021,2021-10-13 11:39:02.611000 UTC,2021-12-18 00:55:37.045000 UTC,76,70622
973,MATBUS 471 Winter 2022,2022-01-05 05:24:39.463000 UTC,2022-05-05 04:42:45.332000 UTC,75,190557
954,MATH 681 Online - Winter 2022,2021-12-22 10:26:37.301000 UTC,2022-05-01 19:40:02.534000 UTC,75,166483
464,MATH 217 - Fall 2020,2020-09-08 04:51:09.761000 UTC,2020-12-18 20:14:03.095000 UTC,75,111916
976,ACTSC 232 - Winter 2022,2022-01-05 05:32:34.231000 UTC,2022-04-11 11:35:40.904000 UTC,75,58583
693,PHYS 115 - Spring 2021,2021-05-10 04:35:09.691000 UTC,2021-08-04 19:59:27.454000 UTC,75,51158
621,CHEM 400/CHEM 750 - Fall 2020 Ultrafast Spectroscopy,2020-10-08 23:09:13.208000 UTC,2020-12-13 06:01:15.794000 UTC,75,40423
746,ACTSC 232 Online - Spring 2021,2021-04-28 22:12:56.797000 UTC,2021-09-01 00:19:15.949000 UTC,74,111141
829,CHEM 262L - Fall 2021,2021-09-01 15:04:05.730000 UTC,2021-12-13 20:20:08.081000 UTC,74,89320
576,CHEM 262L - Fall 2020,2020-08-19 21:18:38.352000 UTC,2020-12-24 23:55:48.766000 UTC,74,59512
113,SDS 250R/SWREN 250R - Fall 2018 (Sections 001 and 002),2018-08-22 17:59:53.765000 UTC,2018-12-09 20:51:53.961000 UTC,74,59015
779,MATH 218 Spring 2021,2021-05-10 05:41:22.650000 UTC,2021-08-20 16:39:15.038000 UTC,73,136582
385,MATH 218 Spring 2020,2020-04-30 22:47:56.839000 UTC,2020-09-07 20:21:57.808000 UTC,72,131868
639,ACTSC 221 Online - Winter 2021,2021-01-11 05:20:27.674000 UTC,2021-05-09 11:06:47.587000 UTC,72,99734
174,MATH 674 (Topic 2) Online - Winter 2019,2018-12-11 15:04:33.656000 UTC,2019-05-05 21:07:55.155000 UTC,72,99491
364,MATH 228 Online - Spring 2020,2020-05-07 23:40:17.461000 UTC,2020-08-25 05:19:02.165000 UTC,72,99428
380,Biology for Engineers - Spring 2020,2020-05-11 07:06:37.142000 UTC,2020-07-13 10:23:40.499000 UTC,72,77381
793,CHE 101 - Spring 2021,2021-05-05 16:04:39.211000 UTC,2021-09-08 03:57:18.535000 UTC,72,46949
210,MATH 640 Online - Spring 2019,2019-04-01 14:28:07.016000 UTC,2019-07-30 20:18:23.215000 UTC,72,30818
295,CHEM 262L - Fall 2019,2019-09-05 21:36:48.265000 UTC,2019-12-04 01:24:46.815000 UTC,72,20361
204,AMATH 250 Online - Spring 2019,2019-04-26 16:39:42.501000 UTC,2019-12-17 18:01:32.651000 UTC,71,251196
873,MATH 217 - Fall 2021,2021-09-08 05:40:34.275000 UTC,2021-12-29 04:13:30.390000 UTC,71,126040
794,CHE 161 - Biology for Engineers - Spring 2021,2021-05-10 04:49:21.928000 UTC,2021-09-08 03:21:13.924000 UTC,71,101805
770,PMATH 330 Online - Spring 2021,2021-03-30 22:16:06.425000 UTC,2021-08-20 19:08:38.628000 UTC,71,20183
188,ACTSC 331 - Winter 2019,2019-01-07 12:48:11.694000 UTC,2019-04-11 02:45:01.866000 UTC,71,15586
165,MATH 127 Online - Winter 2019,2018-12-13 17:27:41.576000 UTC,2019-05-10 17:39:08.986000 UTC,70,163496
558,CHEM 262L - Winter 2021,2020-12-18 16:20:33.507000 UTC,2021-04-17 23:23:13.388000 UTC,70,92805
211,MATH 661 Online - Spring 2019,2019-04-17 15:27:53.863000 UTC,2020-01-25 23:30:11.171000 UTC,70,67911
372,EARTH 390 - Winter 2020,2020-02-21 18:58:54.147000 UTC,2021-03-01 18:26:38.019000 UTC,70,29870
1032,MATH 636 Online - Spring 2022,2022-04-12 19:21:38.770000 UTC,2022-08-16 18:06:21.526000 UTC,70,23396
909,CO 250 - Fall 2021,2021-09-08 10:26:13.957000 UTC,2022-01-05 03:33:07.112000 UTC,70,15940
880,MATBUS 471 Fall 2021,2021-08-07 18:58:46.944000 UTC,2022-01-05 04:49:42.034000 UTC,69,164127
669,STAT 221 Online - Winter 2021,2021-01-11 05:20:21.297000 UTC,2021-09-29 20:24:34.987000 UTC,69,107148
831,ACTSC 221 Online - Fall 2021,2021-09-08 04:43:33.853000 UTC,2021-12-16 17:05:20.705000 UTC,69,79085
436,MATH 225 Online - Spring 2020,2020-05-08 20:15:43.981000 UTC,2020-08-26 05:27:58.147000 UTC,69,44458
855,PMATH 330 Online - Fall 2021,2021-09-08 05:17:47.012000 UTC,2021-12-17 14:05:25.561000 UTC,69,32822
366,MATH 640 Online - Spring 2020,2020-03-31 17:49:04.700000 UTC,2020-08-18 01:12:47.390000 UTC,68,54140
842,MATH 106 Online - Fall 2021,2021-09-08 04:32:57.416000 UTC,2021-12-27 23:29:41.076000 UTC,68,51669
434,CHE 231 - Spring 2020,2020-05-19 13:00:13.249000 UTC,2020-08-05 15:25:08.299000 UTC,68,36334
110,MATH 127 Online - Fall 2018,2018-08-16 18:08:17.737000 UTC,2019-11-19 21:24:49.094000 UTC,67,119020
243,GE123_CHE,2019-05-10 16:27:24.375000 UTC,2019-08-14 15:04:45.660000 UTC,67,74502
329,CHEM 140 - Winter 2020 Friday,2019-12-03 19:51:28.023000 UTC,2020-03-26 23:32:53.039000 UTC,67,49647
758,MATH 106 Online - Spring 2021,2021-05-10 04:40:41.359000 UTC,2021-08-14 23:44:04.739000 UTC,67,47032
367,MATH 661 Online - Spring 2020,2020-04-01 15:44:35.579000 UTC,2020-09-06 17:23:52.641000 UTC,66,54762
327,CHEM 140 - Winter 2020 Tuesday,2019-12-02 15:13:10.024000 UTC,2020-03-24 18:03:28.656000 UTC,66,47008
977,CHE 101 - Winter 2022,2022-01-04 13:40:57.452000 UTC,2022-05-02 04:01:18.320000 UTC,66,45970
765,MATH 640 Online - Spring 2021,2021-04-26 04:14:47.794000 UTC,2021-08-25 17:08:54.373000 UTC,66,29436
158,MATH 228 Online - Winter 2019,2018-11-13 16:31:18.304000 UTC,2019-05-04 16:19:19.283000 UTC,65,111581
80,ACTSC 221 - Spring 2018,2018-09-06 12:30:14.654000 UTC,2019-01-06 19:30:30.645000 UTC,65,69379
952,MATH 674 (Topic 3) Online - Winter 2022,2021-12-22 14:50:49.576000 UTC,2022-04-23 16:53:00.474000 UTC,65,43880
771,PSYCH 292 Online - Spring 2021,2021-05-10 04:07:00.441000 UTC,2021-08-12 15:22:11.757000 UTC,65,30526
981,EARTH 238 Lab - Winter 2022,2022-01-05 23:30:40.424000 UTC,2022-04-07 14:27:11.667000 UTC,65,14855
710,MATH 217 - Winter 2021,2021-01-11 06:26:44.207000 UTC,2021-05-10 04:01:04.178000 UTC,64,128740
979,MATH 217 - Winter 2022,2022-01-05 06:47:05.791000 UTC,2022-04-29 04:41:45.526000 UTC,64,116331
971,CHEM 262L - Winter 2022,2022-01-05 14:40:21.535000 UTC,2022-05-02 01:56:32.686000 UTC,64,56206
705,ECON 211 - Winter 2021,2021-01-11 05:55:14.780000 UTC,2021-05-05 15:59:42.694000 UTC,64,36535
815,CS 360 - Spring 2021,2021-05-11 03:10:23.191000 UTC,2021-08-10 23:02:08.521000 UTC,64,15369
99,ACTSC 331 - Fall 2018,2018-09-06 04:17:59.998000 UTC,2018-12-16 07:46:49.785000 UTC,64,14263
131,MATH 217 - Fall 2018,2018-09-06 18:49:44.724000 UTC,2018-12-06 16:15:50.104000 UTC,64,12851
600,MNS 101 - Fall 2020,2020-09-14 15:39:43.709000 UTC,2020-12-15 19:53:23.127000 UTC,63,59114
140,CHEM 262L - Fall 2018,2018-09-09 23:53:08.291000 UTC,2018-12-19 17:03:52.536000 UTC,63,17266
953,MATH 674 (Topic 6) Online - Winter 2022,2022-01-13 18:32:11.203000 UTC,2022-04-19 01:14:37.583000 UTC,62,51870
277,MATBUS 471 - Fall 2019,2019-09-04 04:08:51.054000 UTC,2019-12-03 22:00:08.628000 UTC,62,46927
550,MATH 106 - Fall 2020,2020-09-08 04:43:30.185000 UTC,2020-12-16 19:02:12.150000 UTC,62,42674
328,CHEM 140 - Winter 2020 Thursday,2019-12-06 17:04:07.656000 UTC,2020-03-26 17:54:48.930000 UTC,62,36514
598,CHE 231 - Fall 2020,2020-09-08 22:56:27.633000 UTC,2020-12-15 00:18:47.367000 UTC,62,22953
198,Actuarial Science Applicants Test Winter 2019,2019-02-08 18:23:32.804000 UTC,2019-08-30 22:45:51.958000 UTC,62,6121
881,AFM 425 Fall 2021,2021-08-07 19:49:44.433000 UTC,2021-12-14 05:12:27.476000 UTC,61,152625
547,MATH 218 Fall 2020,2020-09-08 04:08:16.229000 UTC,2021-01-05 05:25:39.548000 UTC,61,128000
763,MATH 228 Online - Spring 2021,2021-04-14 21:16:46.394000 UTC,2021-09-08 01:09:05.094000 UTC,61,86245
1049,COMM 101 - Spring 2022,2022-05-02 08:30:31.954000 UTC,2022-08-22 19:40:09.175000 UTC,60,88178
788,COMM 321 - Winter 2021,2021-04-21 23:31:11.418000 UTC,2021-04-23 16:20:39.975000 UTC,60,13485
313,MATH 127 Online - Winter 2020,2019-12-06 21:19:50.357000 UTC,2020-04-23 02:51:50.308000 UTC,59,117509
498,ENVE 279 - Fall 2020,2020-09-08 04:34:05.025000 UTC,2020-12-26 16:31:18.338000 UTC,59,97508
667,SDS 250R/SWREN 250R Online - Winter 2021,2021-01-11 17:12:19.302000 UTC,2021-04-28 22:34:03.372000 UTC,59,56481
317,MATH 674 (Topic 3) Online - Winter 2020,2019-12-13 16:22:24.702000 UTC,2020-03-29 17:58:10.675000 UTC,59,47650
293,CHEM 120 BJTU - Fall 2019,2019-09-04 06:03:05.304000 UTC,2019-10-28 15:56:42.367000 UTC,59,32415
411,CHEM 140 - Spring 2020,2020-04-15 15:10:48.944000 UTC,2020-07-30 19:43:29.086000 UTC,59,31696
590,CHEM 254 - Fall 2020,2020-09-08 10:46:55.108000 UTC,2020-10-25 12:19:23.251000 UTC,59,15160
885,COMM 433 - Spring 2021,2021-08-12 14:49:34.019000 UTC,2021-08-16 07:58:41.956000 UTC,59,13656
357,MNS 101 - Winter 2020,2020-02-24 04:18:15.708000 UTC,2020-04-16 04:08:32.337000 UTC,58,48585
743,MNS 102 - BJTU - Winter 2021,2021-04-23 00:56:04.177000 UTC,2021-06-22 16:47:51.498000 UTC,58,42382
742,MNS 101 - BJTU - Winter 2021,2021-03-03 23:22:07.411000 UTC,2021-06-19 02:40:20.544000 UTC,58,38807
134,CHEM 120 - Fall 2018 (BJTU),2018-09-03 07:58:32.584000 UTC,2018-10-28 15:19:34.967000 UTC,58,32499
1046,CHEM 140 S22,2022-05-02 14:36:31.468000 UTC,2022-07-15 21:33:37.220000 UTC,58,29237
886,COMM 321 - Spring 2021,2021-08-12 16:27:10.175000 UTC,2021-09-08 03:35:30.537000 UTC,58,10037
1004,MNS 322 - Winter 2022,2022-01-17 17:08:22.571000 UTC,2022-04-13 19:04:37.965000 UTC,58,6325
878,CHEM 121 - Fall 2021 - BJTU,2021-09-05 11:11:23.869000 UTC,2021-12-29 14:32:02.752000 UTC,57,46787
359,MNS 102 - Winter 2020,2020-04-17 04:19:37.987000 UTC,2020-06-07 04:33:38.043000 UTC,57,43386
371,SDS 250R/SWREN 250R Online - Spring 2020,2020-05-11 04:57:36.770000 UTC,2020-08-17 13:38:40.885000 UTC,57,39334
959,SDS 250R/SWREN 250R Online - Winter 2022,2022-01-05 14:18:29.450000 UTC,2022-04-16 03:57:08.648000 UTC,57,36659
460,EARTH 123 - Fall 2020,2020-11-16 00:55:12.998000 UTC,2021-01-11 08:20:13.495000 UTC,56,72516
833,ACTSC 232 Online - Fall 2021,2021-09-08 12:05:49.978000 UTC,2022-07-20 18:24:19.585000 UTC,56,50557
283,CHEM 140 - Fall 2019,2019-08-27 20:00:41.077000 UTC,2020-05-12 03:17:02.358000 UTC,56,46937
772,SDS 250R/SWREN 250R Online - Spring 2021,2021-05-10 15:52:48.184000 UTC,2021-09-07 12:01:50.260000 UTC,56,39824
557,CHEM 121 - Fall 2020 - BJTU,2020-09-23 09:17:19.175000 UTC,2020-11-15 02:08:46.853000 UTC,56,32942
431,MATH 115 Spring 2020,2020-05-21 19:34:10.758000 UTC,2020-08-06 03:16:46.580000 UTC,55,32830
875,CHEM 140 - Fall 2021,2021-07-29 14:25:02.555000 UTC,2021-12-19 12:54:01.585000 UTC,55,31372
282,AMATH 250 - Fall 2019,2019-09-04 12:30:50.975000 UTC,2019-12-20 17:02:29.031000 UTC,55,27438
522,MATH 674 (Topic 4) Online - Fall 2020,2020-08-21 19:58:15.624000 UTC,2022-07-13 20:25:17.167000 UTC,54,57631
942,MATH 103 Online - Winter 2022,2022-01-05 14:40:51.017000 UTC,2022-08-11 20:07:17.785000 UTC,54,48486
352,CHEM 400/CHEM 750 - Winter 2020 Ultrafast Spectroscopy,2020-02-06 18:33:40.090000 UTC,2020-05-02 16:54:51.569000 UTC,54,29204
762,MATH 225 Online - Spring 2021,2021-05-10 04:41:02.052000 UTC,2021-08-23 17:50:39.970000 UTC,54,17333
458,CS 360 - Spring 2020,2020-05-23 02:28:25.388000 UTC,2020-08-11 23:19:30.226000 UTC,54,15949
318,MATH 674 (Topic 6) Online - Winter 2020,2019-12-19 22:08:23.173000 UTC,2020-04-13 20:41:24.141000 UTC,53,50531
1018,MNS 101 - BJTU - Winter 2022,2022-03-04 18:57:39.742000 UTC,2022-05-06 01:38:25.772000 UTC,53,47826
274,MNS 101 - Fall 2019,2019-09-11 01:39:42.899000 UTC,2020-01-05 15:26:11.956000 UTC,53,31184
879,CHEM 254 - Fall 2021 - BJTU,2021-09-09 01:34:59.858000 UTC,2021-11-05 00:15:55.555000 UTC,53,30873
1132,CHEM 121 - Fall 2022 - BJTU,2022-08-26 10:58:59.029000 UTC,2022-08-31 18:16:27.746000 UTC,53,9009
244,CHEM 120L - s'19,2019-05-08 20:39:41.901000 UTC,2019-08-01 20:04:44.765000 UTC,53,6691
209,MATH 228 Online - Spring 2019,2019-03-15 21:11:50.565000 UTC,2019-08-21 15:38:10.161000 UTC,52,86935
315,MATH 228 Online - Winter 2020,2019-12-02 20:35:25.317000 UTC,2020-04-19 03:38:39.031000 UTC,52,64050
943,MATH 104 Online - Winter 2022,2021-12-03 16:15:47.245000 UTC,2022-05-01 13:45:54.929000 UTC,52,61552
523,MATH 674 (Topic 5) Online - Fall 2020,2020-10-12 08:41:01.961000 UTC,2021-01-04 19:36:14.841000 UTC,52,53202
1019,MNS 102 - BJTU - Winter 2022,2022-05-09 01:40:50.574000 UTC,2022-06-19 01:12:35.371000 UTC,52,45011
214,PSYCH 292 Online - Spring 2019,2019-05-06 05:39:50.594000 UTC,2019-11-22 19:57:50.129000 UTC,52,20276
846,MATH 225 - Fall 2021,2021-09-08 15:00:30.841000 UTC,2021-12-15 22:43:05.980000 UTC,52,19306
579,AMATH 251 - Fall 2020,2020-09-08 04:22:18.684000 UTC,2021-01-05 07:35:59.473000 UTC,51,149670
935,COMM 101 Online - Winter 2022,2022-01-05 12:15:49.422000 UTC,2022-04-28 20:41:13.289000 UTC,51,85203
267,MATH 630 Online - Fall 2019,2019-08-07 19:00:13.618000 UTC,2020-01-06 01:48:56.283000 UTC,51,60811
1029,MATH 228 Online - Spring 2022,2022-03-14 19:15:31.611000 UTC,2022-08-06 23:21:38.057000 UTC,51,60721
561,CHEM 140 - Fall 2020,2020-07-29 17:30:35.654000 UTC,2020-11-27 15:06:25.767000 UTC,50,17536
963,STAT 321 Winter 2022,2022-01-05 05:20:04.740000 UTC,2022-04-11 21:06:07.136000 UTC,50,16059
473,AMATH 390 - Fall 2020,2020-10-16 21:33:17.292000 UTC,2021-12-16 15:51:39.273000 UTC,50,10673
183,MATH 128 - MATH 127 Review Materials,2019-05-27 16:31:21.243000 UTC,2021-03-27 23:42:52.547000 UTC,50,3908
1008,ACTSC 221 - Winter 2022,2022-01-05 15:53:17.798000 UTC,2022-04-25 16:41:58.064000 UTC,49,41288
921,PMATH 348 - Winter 2022,2021-12-09 21:04:17.014000 UTC,2022-04-05 01:30:36.118000 UTC,49,16312
183,MATH 128 - Winter 2019 - MATH 127 Review Materials,2019-01-09 20:40:25.915000 UTC,2019-05-06 01:02:46.246000 UTC,49,1735
546,MATH 225 Fall 2020,2020-09-30 19:44:12.997000 UTC,2021-01-02 05:28:07.770000 UTC,48,38459
102,MATH 674 (Topic 4) Online - Fall 2018,2018-08-15 13:52:01.889000 UTC,2019-01-05 20:06:56.146000 UTC,48,25810
783,MATH 137 - Spring 2021,2021-05-05 14:21:46.511000 UTC,2021-08-05 11:59:58.598000 UTC,48,24671
948,MATH 228 Online - Winter 2022,2021-12-20 18:46:06.823000 UTC,2022-05-01 16:21:38.328000 UTC,47,83671
699,STAT 372 - Winter 2021,2021-01-11 05:20:00.798000 UTC,2021-03-29 20:59:41.589000 UTC,47,36626
649,MATH 104 Online - Winter 2021,2021-01-11 05:57:02.837000 UTC,2021-05-10 03:30:53.214000 UTC,46,71875
995,MATH 225 Winter 2022,2022-01-05 07:28:49.683000 UTC,2022-04-18 19:27:00.223000 UTC,46,16214
972,CHEM 265L - Winter 2022,2022-01-05 14:00:34.651000 UTC,2022-04-05 17:55:30.778000 UTC,45,22326
119,ACTSC 232 Online - Fall 2018,2018-08-27 18:06:29.522000 UTC,2019-01-06 23:19:43.986000 UTC,44,75211
109,AFM 425 - Fall 2018,2018-09-06 17:02:42.002000 UTC,2018-12-15 02:14:42.197000 UTC,44,60801
668,STAT 220 Online - Winter 2021,2021-01-11 08:05:44.247000 UTC,2021-04-26 16:47:16.489000 UTC,44,51591
171,SDS 250R/SWREN 250R Online - Winter 2019,2019-01-07 05:30:28.465000 UTC,2019-04-18 19:03:26.163000 UTC,44,32098
386,PMATH 340 - Spring 2020,2020-05-07 00:26:12.279000 UTC,2020-08-06 11:14:54.098000 UTC,44,3448
265,MATH 127 Online - Fall 2019,2019-07-23 13:47:49.329000 UTC,2019-12-12 07:11:37.450000 UTC,43,98767
1034,MATH 661 Online - Spring 2022,2022-04-13 18:15:44.983000 UTC,2022-08-31 15:57:26.797000 UTC,43,56095
322,SDS 250R/SWREN 250R Online - Winter 2020,2019-12-05 17:28:12.190000 UTC,2020-04-30 07:43:56.086000 UTC,43,30451
94,MATH 674 (Topic 5) Online - Fall 2018,2018-08-17 13:27:50.771000 UTC,2018-12-27 19:29:08.459000 UTC,43,25617
461,CHEM 335L - Fall 2020,2020-06-09 19:19:25.517000 UTC,2021-08-11 19:16:53.590000 UTC,43,19521
655,MATH 225 Online - Winter 2021,2021-01-10 22:39:42.616000 UTC,2021-05-09 15:34:45.070000 UTC,43,13654
1039,SDS 250R/SWREN 250R Online - Spring 2022,2022-05-02 04:09:57.605000 UTC,2022-08-05 03:58:23.421000 UTC,42,31236
290,MATH 128 - Fall 2019,2019-09-04 14:39:13.979000 UTC,2019-12-12 09:42:52.085000 UTC,42,10626
249,BIOL 240L - Spring 2019,2019-05-23 19:25:22.746000 UTC,2019-08-20 14:14:06.478000 UTC,42,2052
1048,STAT 372 Spring 2022,2022-05-02 04:22:57.734000 UTC,2022-06-19 02:10:31.395000 UTC,41,40117
521,MATH 643 Online - Fall 2020,2020-08-21 18:03:25.100000 UTC,2020-12-08 03:33:18.934000 UTC,41,28114
786,CHEM 140 - Spring 2021,2021-04-21 15:41:51.874000 UTC,2021-07-30 16:31:14.507000 UTC,41,18945
918,CHEM 370 - Fall 2021,2021-09-20 17:14:11.388000 UTC,2021-12-11 23:00:56.465000 UTC,41,4995
951,MATH 631 Online - Winter 2022,2021-11-26 17:56:18.665000 UTC,2022-04-28 14:10:56.749000 UTC,40,101432
656,MATH 228 Online - Winter 2021,2021-01-11 06:08:47.651000 UTC,2021-05-07 05:57:21.436000 UTC,40,78332
888,STAT 221 Fall 2021,2021-09-12 05:08:07.271000 UTC,2021-12-23 03:18:33.604000 UTC,40,20593
847,MATH 228 Online - Fall 2021,2021-08-23 15:11:19.209000 UTC,2021-12-16 03:24:01.084000 UTC,40,9983
307,ACTSC 232 Online - Winter 2020,2019-12-12 21:46:54.176000 UTC,2020-04-27 20:17:35.805000 UTC,39,60678
574,COMM 433 - Spring 2020,2020-08-10 22:53:14.774000 UTC,2020-08-24 23:44:10.513000 UTC,39,9122
1063,ACTSC 221 - Spring 2022,2022-05-02 20:34:28.740000 UTC,2022-08-02 22:39:50.417000 UTC,38,41971
396,ME 123 Master,2020-05-20 14:38:15.290000 UTC,2020-06-17 16:04:57.031000 UTC,38,1542
975,COMM 101 - Winter 2022,2022-01-05 09:08:06.517000 UTC,2022-04-30 15:10:22.494000 UTC,37,53664
578,ECE 206 Fall 2020,2020-09-08 13:22:52.350000 UTC,2020-12-20 04:02:10.031000 UTC,37,41324
215,SDS 250R/SWREN 250R Online - Spring 2019,2019-04-25 14:14:48.924000 UTC,2019-09-04 03:29:36.215000 UTC,37,23980
114,SDS 250R/SWREN 250R - Fall 2018 (Section 003),2018-09-06 20:00:12.464000 UTC,2018-12-15 00:33:34.463000 UTC,36,26620
720,EARTH 390 - Winter 2021,2021-02-13 22:16:51.182000 UTC,2021-04-16 00:11:34.047000 UTC,36,13771
258,MATH 641 Online - Fall 2019,2019-08-15 19:18:27.682000 UTC,2019-12-18 05:40:27.926000 UTC,35,43921
851,MATH 641 Online - Fall 2021,2021-08-25 13:12:25.234000 UTC,2021-11-03 01:39:19.066000 UTC,35,28587
775,STAT 334 Online - Spring 2021,2021-05-10 05:53:20.157000 UTC,2021-08-06 11:54:14.876000 UTC,35,7765
1058,ENGL 306A - Spring 2022 (002),2022-05-15 14:14:31.712000 UTC,2022-08-22 19:38:22.955000 UTC,35,6917
1053,ECE 206 Spring 2022,2022-05-02 04:28:01.349000 UTC,2022-08-12 17:41:06.829000 UTC,34,22412
801,MATH 115 Spring 2021,2021-05-15 07:19:25.207000 UTC,2021-08-13 02:06:28.532000 UTC,34,16820
989,ECON 211 - Winter 2022,2022-01-05 11:35:36.199000 UTC,2022-04-30 01:37:25.780000 UTC,34,8104
968,COMM 433 - Fall 2021,2021-12-20 12:13:06.216000 UTC,2022-01-04 15:46:33.769000 UTC,34,7471
379,MATH 135 - Winter 2020,2020-03-20 19:32:24.548000 UTC,2020-04-12 20:38:41.147000 UTC,34,1249
1033,MATH 640 Online - Spring 2022,2022-03-17 18:59:05.728000 UTC,2022-08-04 02:21:56.457000 UTC,33,15195
663,MATH 682 Online - Winter 2021,2020-12-28 08:41:06.749000 UTC,2021-08-05 14:47:36.727000 UTC,33,12473
858,STAT 334 Online - Fall 2021,2021-09-08 12:59:07.298000 UTC,2022-01-05 03:33:23.405000 UTC,32,37278
320,MATH 683 Online - Winter 2020,2019-12-13 14:37:44.305000 UTC,2020-05-04 02:20:48.642000 UTC,32,8744
766,MATH 650 Online - Spring 2021,2021-05-10 04:51:01.163000 UTC,2021-08-23 11:04:57.828000 UTC,31,94087
442,ECE 206 - Spring 2020,2020-05-11 07:02:15.782000 UTC,2020-08-24 00:22:30.129000 UTC,31,35004
167,MATH 630 Online - Winter 2019,2018-11-29 16:29:30.872000 UTC,2020-05-27 15:22:20.099000 UTC,31,28452
291,PHYS 224 - Fall 2019 - Electromagnetism for Life and Medical Physics,2019-09-04 13:37:15.352000 UTC,2019-11-23 01:27:23.707000 UTC,31,20257
852,MATH 674 (Topic 7) Online - Fall 2021,2021-10-13 14:16:13.526000 UTC,2022-01-04 22:02:18.454000 UTC,29,50390
1135,ECON 600 - Fall 2022,2022-08-22 16:01:44.303000 UTC,2022-08-31 23:59:43.110000 UTC,29,13482
1062,MATH 128 - Spring 2022,2022-05-04 16:30:25.030000 UTC,2022-08-04 19:27:25.986000 UTC,29,13358
261,MATH 674 (Topic 9) Online - Fall 2019,2019-08-13 19:52:18.570000 UTC,2019-12-10 23:58:37.271000 UTC,28,30535
225,ACTSC 331 - Spring 2019,2019-05-06 17:17:13.200000 UTC,2019-07-31 00:15:21.783000 UTC,28,4418
1057,ENGL 306A - Spring 2022 (001),2022-05-16 00:41:39.315000 UTC,2022-08-22 15:15:31.645000 UTC,28,4236
923,PMATH 446/PMATH 646 - Winter 2022,2021-12-12 05:09:26.184000 UTC,2022-04-10 03:50:58.782000 UTC,28,3769
632,ACTSC 455/ACTSC 855 - Winter 2021,2021-01-11 05:38:59.927000 UTC,2021-03-16 00:50:57.346000 UTC,28,2727
487,MMT - MATH 692 Fall 2019 Material,2020-07-17 22:00:18.138000 UTC,2022-08-30 21:09:35.026000 UTC,28,575
260,MATH 674 (Topic 7) Online - Fall 2019,2019-09-30 15:14:23.742000 UTC,2019-12-18 06:39:27.074000 UTC,27,34895
133,PHYS 224 - Fall 2018 - Electromagnetism for Life and Medical Physics,2018-09-07 12:08:58.139000 UTC,2020-09-09 01:21:38.548000 UTC,27,33235
704,CHEM 335L - Winter 2021,2021-01-05 19:04:01.621000 UTC,2021-10-12 19:01:19.860000 UTC,27,10378
316,MATH 631 Online - Winter 2020,2019-12-19 19:28:53.042000 UTC,2020-06-22 13:44:25.465000 UTC,26,75535
182,MATH 128 Online - Winter 2019 - MATH 127 Review Materials,2019-01-07 19:14:37.000000 UTC,2019-04-12 17:16:50.398000 UTC,26,2051
1060,MNS 221 - Spring 2022,2022-05-09 19:28:18.081000 UTC,2022-08-12 01:29:11.760000 UTC,25,31827
465,ECON 600 - Fall 2020,2020-08-24 16:27:32.580000 UTC,2020-09-11 15:58:16.349000 UTC,25,15827
659,MATH 630 Online - Winter 2021,2020-12-29 19:21:18.241000 UTC,2021-04-18 00:30:31.052000 UTC,24,28362
669,STAT 221 Online - Winter 2021/Winter 2022,2021-12-22 13:47:20.529000 UTC,2022-04-09 12:20:41.814000 UTC,24,27828
622,PHYS 224 - Fall 2020 - Electromagnetism for Life and Medical Physics,2020-09-15 19:54:37.903000 UTC,2020-12-10 00:24:29.706000 UTC,24,22873
853,MATH 674 (Topic 9) Online - Fall 2021,2021-08-25 21:41:12.059000 UTC,2021-10-27 02:18:36.658000 UTC,24,15988
1003,CHEM 400/773 - Winter 2022 Polymerization,2022-01-19 15:17:38.033000 UTC,2022-04-22 02:24:33.104000 UTC,24,3200
905,AMATH 250 - Fall 2021 (lessons),2021-09-08 11:56:01.548000 UTC,2021-12-06 20:08:10.942000 UTC,24,955
902,ECON 600 - Fall 2021,2021-08-23 16:03:53.854000 UTC,2021-09-07 15:23:43.810000 UTC,23,20136
719,EARTH 435 - Winter 2021,2021-01-18 17:18:35.072000 UTC,2021-04-21 16:40:01.730000 UTC,23,10787
1059,CS 360 - Spring 2022,2022-05-11 15:33:57.280000 UTC,2022-08-03 12:32:33.832000 UTC,23,6682
417,MNS 221 - Spring 2020,2020-05-24 18:43:12.466000 UTC,2020-08-16 04:26:51.798000 UTC,22,20602
914,MNS 211 - Fall 2021,2021-09-22 13:09:26.224000 UTC,2021-12-13 23:51:33.242000 UTC,22,19142
983,EARTH 435 - Winter 2022,2022-01-10 16:21:38.271000 UTC,2022-04-28 20:39:23.601000 UTC,22,9520
1142,CHEM 254 - Fall 2022 - BJTU,2022-08-25 15:50:01.791000 UTC,2022-08-31 23:43:45.868000 UTC,22,162
601,MNS 211 Master,2020-09-23 20:05:53.856000 UTC,2020-12-25 02:15:27.052000 UTC,21,19333
768,MATH 674 (Topic 8) Online - Spring 2021,2021-03-10 16:40:48.864000 UTC,2021-06-29 17:51:26.088000 UTC,21,14822
702,COMM 433 - Fall 2020,2020-12-15 21:13:29.762000 UTC,2020-12-17 13:17:00.809000 UTC,21,4762
279,CS 600 Online - Fall 2019,2019-09-04 05:09:13.012000 UTC,2019-12-12 02:54:41.578000 UTC,20,13321
955,MATH 683 Online - Winter 2022,2021-12-22 15:30:05.852000 UTC,2022-04-12 06:59:52.036000 UTC,19,4223
874,MATBUS 371 - Fall 2021,2021-07-27 14:42:23.185000 UTC,2021-12-10 15:06:28.078000 UTC,18,18080
383,CHEM 212 - Winter 2020,2020-04-06 22:47:36.367000 UTC,2020-04-29 21:44:01.743000 UTC,18,5696
242,MATH 127 - Spring 2019,2019-05-10 13:32:27.724000 UTC,2019-08-09 05:41:55.760000 UTC,18,5172
248,2019 Ontario Envirothon Provincial Championship,2019-05-29 13:00:42.389000 UTC,2019-05-29 21:12:44.838000 UTC,18,3807
1091,MATH 643 Online - Fall 2022,2022-08-22 18:45:48.616000 UTC,2022-08-31 23:59:58.079000 UTC,18,3472
1092,MATH 674 (Topic 4) Online - Fall 2022,2022-08-18 20:13:50.982000 UTC,2022-08-31 23:17:02.058000 UTC,18,1399
256,CHEM 339 Online - Fall 2019,2019-07-16 18:16:40.678000 UTC,2020-05-26 21:21:56.999000 UTC,17,8368
246,MATH 128 - Spring 2019,2019-05-25 19:56:50.796000 UTC,2019-08-16 13:35:30.284000 UTC,16,7050
11,sandbox-pkates,2018-09-09 03:28:09.427000 UTC,2022-07-07 05:29:22.141000 UTC,16,727
368,MATH 674 (Topic 10) Online - Spring 2020,2020-04-13 18:28:05.329000 UTC,2020-07-01 04:02:29.929000 UTC,15,6960
428,MATH 128 Spring 2020 Sandbox,2020-05-11 13:40:05.231000 UTC,2020-05-28 19:57:29.917000 UTC,14,2177
62,MATH 681 Online - Spring 2018,2018-08-15 12:44:20.192000 UTC,2018-09-06 04:01:10.576000 UTC,14,662
4,Mobius LTI Test Class,2018-09-04 13:17:29.026000 UTC,2021-11-26 15:19:31.202000 UTC,14,395
631,ACTSC 622 - Winter 2021,2021-01-11 06:01:41.590000 UTC,2021-04-19 11:40:33.874000 UTC,13,20695
638,MTHEL 199 - Winter 2021,2020-11-17 14:49:36.642000 UTC,2020-12-21 21:57:43.662000 UTC,13,8540
107,CS 600 Online - Fall 2018,2018-09-06 13:27:13.400000 UTC,2018-12-23 13:46:52.465000 UTC,13,3959
928,MMT MATH 600 Resource,2022-01-03 22:47:22.563000 UTC,2022-08-30 16:49:28.107000 UTC,13,288
462,MASTER MTHEL 199,2020-06-05 14:32:50.557000 UTC,2021-04-26 19:52:15.261000 UTC,12,16470
212,MATH 674 (Topic 8) Online - Spring 2019,2019-04-11 15:51:59.103000 UTC,2020-08-01 04:15:12.311000 UTC,12,12308
904,CS 600 Online - Fall 2021,2021-09-08 04:51:19.339000 UTC,2021-12-07 16:13:59.394000 UTC,12,6732
325,MASTER MATH 237 Online,2019-12-06 15:31:01.765000 UTC,2021-01-06 15:28:30.772000 UTC,12,4684
721,CHEM 400 - Winter 2021 Polymerization,2021-01-11 17:37:43.257000 UTC,2021-04-20 18:20:35.726000 UTC,12,1863
300,MATH 138 Fall 2019,2019-09-16 17:43:29.915000 UTC,2019-12-15 06:15:37.071000 UTC,12,789
812,MNS 221 - Spring 2021,2021-05-23 14:17:11.867000 UTC,2021-08-14 10:12:27.661000 UTC,10,12922
98,CHEM 339 Online - Fall 2018,2018-09-06 19:27:05.114000 UTC,2019-01-06 17:38:13.119000 UTC,10,5540
636,Usability Testing: Calculus 2 - Option B,2020-11-04 16:20:20.217000 UTC,2020-12-03 19:33:45.121000 UTC,10,129
554,CS 600 Online - Fall 2020,2020-09-08 04:54:34.135000 UTC,2020-12-05 03:05:40.245000 UTC,9,4254
250,CHE 102 - Spring 2019,2019-05-26 18:01:29.645000 UTC,2019-08-02 13:20:49.056000 UTC,9,2358
59,CHE 102 - Spring 2018,2018-08-16 08:30:06.881000 UTC,2019-07-01 20:22:42.202000 UTC,9,433
1035,MATH 674 (Topic 10) Online - Spring 2022,2022-04-18 04:05:19.028000 UTC,2022-06-29 01:50:34.647000 UTC,8,6871
1047,MMT Background Material Assessments,2022-07-29 13:32:45.553000 UTC,2022-08-31 05:52:52.810000 UTC,7,1564
1045,MASTER ENGL 306A,2022-03-30 17:31:24.190000 UTC,2022-05-17 17:55:14.383000 UTC,7,267
79,MTE 120 Spring 2018,2018-08-18 16:00:10.388000 UTC,2019-01-30 16:13:26.156000 UTC,7,206
413,Asia-Test,2020-04-26 09:31:50.505000 UTC,2020-05-19 12:14:50.011000 UTC,7,176
634,Usability Testing: Calculus 2 - Option A,2020-11-04 16:16:28.651000 UTC,2020-12-03 19:08:44.136000 UTC,7,140
818,CHEM 233 - Spring 2021,2021-05-23 21:08:40.601000 UTC,2021-06-28 20:00:18.616000 UTC,7,122
988,MATH 237 - Winter 2022 (lessons),2021-12-17 14:34:58.955000 UTC,2022-02-26 18:14:32.596000 UTC,7,90
339,MASTER MATH 106 Online,2020-01-31 21:06:55.790000 UTC,2020-10-21 16:13:00.983000 UTC,6,3570
186,Mobius Import Testing,2019-01-08 23:17:39.517000 UTC,2022-08-03 14:31:52.290000 UTC,6,291
216,MASTER MATH 128 Online,2020-02-03 17:06:19.380000 UTC,2021-04-11 16:54:06.205000 UTC,5,6141
111,sandbox-pkates-child1,2018-08-30 20:49:43.327000 UTC,2020-10-06 20:50:37.767000 UTC,5,379
635,Usability Testing: Calculus 1 Review Materials - Option B,2020-11-04 16:21:51.588000 UTC,2020-12-03 19:33:44.559000 UTC,4,28
387,CHE 614 - Spring 2020,2020-05-11 04:03:11.541000 UTC,2020-05-11 13:15:54.896000 UTC,4,24
729,PHYS 112 Practice,2021-01-25 14:46:58.916000 UTC,2021-03-31 16:58:12.389000 UTC,3,914
24,Maplesoft Test Class 2,2020-06-11 20:33:54.375000 UTC,2020-06-15 14:41:25.379000 UTC,3,116
683,MASTER MATH 106 Online,2020-11-23 16:58:49.603000 UTC,2022-03-07 19:09:51.334000 UTC,3,71
56,MATH 138 - Winter 2018 Calculus II for Honour Mathematics,2020-07-01 01:59:52.621000 UTC,2020-08-22 19:41:11.381000 UTC,3,43
797,CEL Demo Course,2021-05-10 19:52:05.690000 UTC,2021-10-07 12:53:24.750000 UTC,3,10
1095,PMATH 330 Online - Fall 2022,2022-07-13 19:40:42.256000 UTC,2022-07-25 15:39:01.309000 UTC,2,105
462,MASTER MTHEL 99,2021-06-22 10:12:56.003000 UTC,2021-08-06 18:37:43.098000 UTC,2,89
72,BIOL 303 - Spring 2018,2018-08-16 23:11:01.428000 UTC,2020-06-13 14:37:11.688000 UTC,2,32
588,MATH 116 - Fall 2020,2020-09-04 22:12:46.050000 UTC,2020-09-05 22:04:41.739000 UTC,2,28
920,MATH 136 Lesson Content,2021-11-23 15:30:29.252000 UTC,2022-04-18 20:59:45.054000 UTC,2,16
32,Sandbox S_Warren,2019-11-26 13:36:13.259000 UTC,2021-03-16 15:15:18.717000 UTC,2,13
245,ECE 140 - Spring 2019,2020-05-13 22:44:15.384000 UTC,2020-07-09 04:22:56.238000 UTC,2,9
75,GENE123 Spring 2018,2018-08-15 01:31:11.237000 UTC,2018-08-16 12:30:17.351000 UTC,2,7
26,MATH 127 - Fall 2017,2019-02-05 18:27:48.583000 UTC,2020-09-14 01:26:45.199000 UTC,2,7
596,sandbox-pkates-child1-of-child1,2020-09-15 18:14:10.876000 UTC,2022-02-02 21:01:58.890000 UTC,1,582
1085,MATH 127 Online - Fall 2022,2022-08-30 19:15:28.540000 UTC,2022-08-30 20:46:00.120000 UTC,1,318
1086,MATH 128 Online - Fall 2022,2022-08-31 14:27:11.997000 UTC,2022-08-31 17:20:24.696000 UTC,1,297
1087,MATH 135 Online - Fall 2022,2022-08-24 19:30:47.793000 UTC,2022-08-24 20:10:12.980000 UTC,1,256
339,MATH 106 Lesson Content,2020-12-02 14:32:51.904000 UTC,2021-04-21 18:59:00.638000 UTC,1,176
1122,ECON 101 Online - Fall 2022 - 081,2022-08-22 20:28:21.842000 UTC,2022-08-23 20:26:09.871000 UTC,1,176
1124,ECON 101 Online - Fall 2022 - 084,2022-08-23 19:02:49.710000 UTC,2022-08-23 20:33:30.768000 UTC,1,176
1123,ECON 101 Online - Fall 2022 - 082/083,2022-08-23 17:26:24.121000 UTC,2022-08-23 20:29:18.870000 UTC,1,170
78,ECE 140 - Spring 2018,2018-08-21 23:33:10.669000 UTC,2018-08-21 23:56:26.181000 UTC,1,156
937,ECON 101 Online - Winter 2022 - 082,2021-12-22 14:29:01.788000 UTC,2021-12-23 14:20:09.897000 UTC,1,121
1080,AFM 131 Online - Fall 2022,2022-08-23 17:11:59.855000 UTC,2022-08-23 17:50:41.880000 UTC,1,105
1125,ECON 102 Online - Fall 2022 - 081,2022-08-25 18:13:25.527000 UTC,2022-08-25 20:37:38.515000 UTC,1,99
1082,AMATH 250 Online - Fall 2022,2022-08-02 14:08:45.022000 UTC,2022-08-09 18:21:47.068000 UTC,1,98
61,MATH 128 Online - Spring 2018,2018-08-19 15:11:36.054000 UTC,2018-08-25 20:11:42.296000 UTC,1,74
1130,MATH 106 Fall 2022,2022-08-24 15:58:56.147000 UTC,2022-08-24 16:01:58.653000 UTC,1,72
70,MATH 127 Online - Spring 2018,2018-08-15 20:19:22.634000 UTC,2018-08-15 20:45:27.417000 UTC,1,64
1079,AFM 102 Online - Fall 2022,2022-07-08 18:15:55.549000 UTC,2022-07-08 18:16:48.252000 UTC,1,61
895,MATH 137 Fall 2021,2021-08-24 20:27:26.015000 UTC,2021-08-30 20:20:25.348000 UTC,1,53
360,ECON 101 Online - Spring 2020,2020-04-01 13:47:18.044000 UTC,2020-04-01 13:49:01.667000 UTC,1,50
1126,ECON 102 Online - Fall 2022 - 082/083,2022-08-25 18:55:22.719000 UTC,2022-08-25 20:39:42.019000 UTC,1,50
535,ECON 101 Online - Fall 2020 - 087,2020-08-05 20:50:15.804000 UTC,2020-08-05 20:52:17.531000 UTC,1,48
536,ECON 101 Online - Fall 2020 - 088,2020-08-05 20:55:38.702000 UTC,2020-08-05 20:57:52.651000 UTC,1,44
230,MATH 235 Practice,2019-12-18 01:12:00.675000 UTC,2019-12-18 01:16:39.547000 UTC,1,42
106,sandbox-pkates2-actscroot,2020-05-30 23:45:19.605000 UTC,2022-03-29 19:14:43.539000 UTC,1,39
614,PHYS 115 - Fall 2020 Mechanics,2020-09-06 18:35:37.313000 UTC,2020-09-06 18:54:08.409000 UTC,1,38
248,Ontario Envirothon 2019,2019-05-16 18:57:34.835000 UTC,2019-05-24 18:21:47.861000 UTC,1,36
689,Mobius Import Testing 2,2022-03-02 19:52:14.357000 UTC,2022-03-02 20:01:05.637000 UTC,1,35
151,AMATH 251 - Fall 2018,2020-11-24 16:40:28.560000 UTC,2021-02-23 14:12:01.191000 UTC,1,31
425,ECE 108 - Spring 2020 Discrete Mathematics and Logic 1,2020-05-22 18:27:11.823000 UTC,2020-05-22 18:41:05.878000 UTC,1,30
6,Maplesoft's LTI Test Class,2021-01-14 13:28:17.604000 UTC,2021-01-14 16:08:46.499000 UTC,1,24
36,Sandbox_L_Ingram,2021-12-16 15:03:50.964000 UTC,2021-12-16 15:05:02.055000 UTC,1,18
31,MATH 674 (Topic 3) Online - Winter 2018,2019-12-18 19:51:37.847000 UTC,2019-12-18 19:52:17.791000 UTC,1,12
690,COMMERCIAL MATH 106,2021-04-09 19:11:31.617000 UTC,2021-04-09 19:11:54.555000 UTC,1,11
685,MASTER MATH 225 Online,2021-10-05 20:44:13.486000 UTC,2021-10-05 20:51:08.333000 UTC,1,11
1071,CHEM 200 - Fall 2022,2022-08-26 17:36:07.127000 UTC,2022-08-26 17:36:44.964000 UTC,1,10
1136,MATH 600 Online - Fall 2022,2022-08-29 12:48:01.816000 UTC,2022-08-29 12:48:16.665000 UTC,1,8
30,BIOL 240L - Fall 2017,2019-05-23 16:43:48.770000 UTC,2019-05-23 16:46:23.925000 UTC,1,8
63,MATH 674 (Topic 10) Online  Spring 2018,2018-09-05 18:51:33.301000 UTC,2018-09-05 18:53:01.193000 UTC,1,8
23,MATH 127 Online - Fall 2017,2020-07-22 13:07:28.901000 UTC,2020-07-22 13:07:35.302000 UTC,1,6
495,OPTOM 104 - Fall 2020,2020-07-23 15:24:29.856000 UTC,2020-07-23 15:24:53.028000 UTC,1,5
10,AFM 425 - Fall 2017,2021-01-28 21:31:54.915000 UTC,2021-01-28 21:31:59.268000 UTC,1,4
17,STAT 231 Online - Fall 2017,2018-10-25 20:13:54.562000 UTC,2018-10-25 20:14:28.837000 UTC,1,4
37,MATH 127 - Winter 2018,2020-09-24 02:58:34.231000 UTC,2020-09-24 02:58:40.807000 UTC,1,4
71,MATH 228 Online - Spring 2018,2018-08-24 11:21:37.855000 UTC,2018-08-24 11:21:37.936000 UTC,1,2
1119,CHE 102 Fall 2022,2022-07-25 19:19:29.881000 UTC,2022-07-25 19:19:29.881000 UTC,1,1
544,SYDE 211 - Winter 2021,2020-12-30 00:07:16.794000 UTC,2020-12-30 00:07:16.794000 UTC,1,1
76,MATH 138 Spring 2018,2019-05-06 22:50:25.312000 UTC,2019-05-06 22:50:25.312000 UTC,1,1